ST,time,values
E4_Temperature,"1649403019,44438","32,01"
E4_Temperature,"1649403019,6944","32,01"
E4_Temperature,"1649403019,94441","32,01"
E4_Temperature,"1649403020,19442","32,01"
E4_Temperature,"1649403020,44443","32,05"
E4_Temperature,"1649403020,69444","32,05"
E4_Temperature,"1649403020,94445","32,05"
E4_Temperature,"1649403021,19446","32,05"
E4_Temperature,"1649403021,44448","32,03"
E4_Temperature,"1649403021,69449","32,03"
E4_Temperature,"1649403021,9445","32,03"
E4_Temperature,"1649403022,19451","32,03"
E4_Temperature,"1649403022,44452","32,03"
E4_Temperature,"1649403022,69453","32,03"
E4_Temperature,"1649403022,94455","32,03"
E4_Temperature,"1649403023,19456","32,03"
E4_Temperature,"1649403023,44457","32,07"
E4_Temperature,"1649403023,69458","32,07"
E4_Temperature,"1649403023,94459","32,07"
E4_Temperature,"1649403024,1946","32,07"
E4_Temperature,"1649403024,44461","32,05"
E4_Temperature,"1649403024,69463","32,05"
E4_Temperature,"1649403024,94464","32,05"
E4_Temperature,"1649403025,19465","32,05"
E4_Temperature,"1649403025,44466","32,07"
E4_Temperature,"1649403025,69467","32,07"
E4_Temperature,"1649403025,94468","32,07"
E4_Temperature,"1649403026,1947","32,07"
E4_Temperature,"1649403026,44471","32,07"
E4_Temperature,"1649403026,69472","32,07"
E4_Temperature,"1649403026,94473","32,07"
E4_Temperature,"1649403027,19474","32,07"
E4_Temperature,"1649403027,44475","32,07"
E4_Temperature,"1649403027,69477","32,07"
E4_Temperature,"1649403027,94478","32,07"
E4_Temperature,"1649403028,19479","32,07"
E4_Temperature,"1649403028,4448","32,09"
E4_Temperature,"1649403028,69481","32,09"
E4_Temperature,"1649403028,94482","32,09"
E4_Temperature,"1649403029,19483","32,09"
E4_Temperature,"1649403029,44485","32,07"
E4_Temperature,"1649403029,69486","32,07"
E4_Temperature,"1649403029,94487","32,07"
E4_Temperature,"1649403030,19488","32,07"
E4_Temperature,"1649403030,44489","32,09"
E4_Temperature,"1649403030,6949","32,09"
E4_Temperature,"1649403030,94492","32,09"
E4_Temperature,"1649403031,19493","32,09"
E4_Temperature,"1649403031,44494","32,11"
E4_Temperature,"1649403031,69495","32,11"
E4_Temperature,"1649403031,94496","32,11"
E4_Temperature,"1649403032,19497","32,11"
E4_Temperature,"1649403032,44499","32,11"
E4_Temperature,"1649403032,695","32,11"
E4_Temperature,"1649403032,94501","32,11"
E4_Temperature,"1649403033,19502","32,11"
E4_Temperature,"1649403033,44503","32,11"
E4_Temperature,"1649403033,69504","32,11"
E4_Temperature,"1649403033,94505","32,11"
E4_Temperature,"1649403034,19507","32,11"
E4_Temperature,"1649403034,44508","32,09"
E4_Temperature,"1649403034,69509","32,09"
E4_Temperature,"1649403034,9451","32,09"
E4_Temperature,"1649403035,19511","32,09"
E4_Temperature,"1649403035,44512","32,11"
E4_Temperature,"1649403035,69514","32,11"
E4_Temperature,"1649403035,94515","32,11"
E4_Temperature,"1649403036,19516","32,11"
E4_Temperature,"1649403036,44517","32,13"
E4_Temperature,"1649403036,69518","32,13"
E4_Temperature,"1649403036,94519","32,13"
E4_Temperature,"1649403037,19521","32,13"
E4_Temperature,"1649403037,44522","32,13"
E4_Temperature,"1649403037,69523","32,13"
E4_Temperature,"1649403037,94524","32,13"
E4_Temperature,"1649403038,19525","32,13"
E4_Temperature,"1649403038,44526","32,11"
E4_Temperature,"1649403038,69527","32,11"
E4_Temperature,"1649403038,94529","32,11"
E4_Temperature,"1649403039,1953","32,11"
E4_Temperature,"1649403039,44531","32,15"
E4_Temperature,"1649403039,69532","32,15"
E4_Temperature,"1649403039,94533","32,15"
E4_Temperature,"1649403040,19534","32,15"
E4_Temperature,"1649403040,44536","32,15"
E4_Temperature,"1649403040,69537","32,15"
E4_Temperature,"1649403040,94538","32,15"
E4_Temperature,"1649403041,19539","32,15"
E4_Temperature,"1649403041,4454","32,15"
E4_Temperature,"1649403041,69541","32,15"
E4_Temperature,"1649403041,94543","32,15"
E4_Temperature,"1649403042,19544","32,15"
E4_Temperature,"1649403042,44545","32,15"
E4_Temperature,"1649403042,69546","32,15"
E4_Temperature,"1649403042,94547","32,15"
E4_Temperature,"1649403043,19548","32,15"
E4_Temperature,"1649403043,44549","32,15"
E4_Temperature,"1649403043,69551","32,15"
E4_Temperature,"1649403043,94552","32,15"
E4_Temperature,"1649403044,19553","32,15"
E4_Temperature,"1649403044,44554","32,19"
E4_Temperature,"1649403044,69555","32,19"
E4_Temperature,"1649403044,94556","32,19"
E4_Temperature,"1649403045,19558","32,19"
E4_Temperature,"1649403045,44559","32,19"
E4_Temperature,"1649403045,6956","32,19"
E4_Temperature,"1649403045,94561","32,19"
E4_Temperature,"1649403046,19562","32,19"
E4_Temperature,"1649403046,44563","32,17"
E4_Temperature,"1649403046,69565","32,17"
E4_Temperature,"1649403046,94566","32,17"
E4_Temperature,"1649403047,19567","32,17"
E4_Temperature,"1649403047,44568","32,19"
E4_Temperature,"1649403047,69569","32,19"
E4_Temperature,"1649403047,9457","32,19"
E4_Temperature,"1649403048,19571","32,19"
E4_Temperature,"1649403048,44573","32,19"
E4_Temperature,"1649403048,69574","32,19"
E4_Temperature,"1649403048,94575","32,19"
E4_Temperature,"1649403049,19576","32,19"
E4_Temperature,"1649403049,44577","32,19"
E4_Temperature,"1649403049,69578","32,19"
E4_Temperature,"1649403049,9458","32,19"
E4_Temperature,"1649403050,19581","32,19"
E4_Temperature,"1649403050,44582","32,17"
E4_Temperature,"1649403050,69583","32,17"
E4_Temperature,"1649403050,94584","32,17"
E4_Temperature,"1649403051,19585","32,17"
E4_Temperature,"1649403051,44586","32,21"
E4_Temperature,"1649403051,69588","32,21"
E4_Temperature,"1649403051,94589","32,21"
E4_Temperature,"1649403052,1959","32,21"
E4_Temperature,"1649403052,44591","32,21"
E4_Temperature,"1649403052,69592","32,21"
E4_Temperature,"1649403052,94593","32,21"
E4_Temperature,"1649403053,19595","32,21"
E4_Temperature,"1649403053,44596","32,21"
E4_Temperature,"1649403053,69597","32,21"
E4_Temperature,"1649403053,94598","32,21"
E4_Temperature,"1649403054,19599","32,21"
E4_Temperature,"1649403054,446","32,23"
E4_Temperature,"1649403054,69602","32,23"
E4_Temperature,"1649403054,94603","32,23"
E4_Temperature,"1649403055,19604","32,23"
E4_Temperature,"1649403055,44605","32,23"
E4_Temperature,"1649403055,69606","32,23"
E4_Temperature,"1649403055,94607","32,23"
E4_Temperature,"1649403056,19608","32,23"
E4_Temperature,"1649403056,4461","32,23"
E4_Temperature,"1649403056,69611","32,23"
E4_Temperature,"1649403056,94612","32,23"
E4_Temperature,"1649403057,19613","32,23"
E4_Temperature,"1649403057,44614","32,23"
E4_Temperature,"1649403057,69615","32,23"
E4_Temperature,"1649403057,94617","32,23"
E4_Temperature,"1649403058,19618","32,23"
E4_Temperature,"1649403058,44619","32,25"
E4_Temperature,"1649403058,6962","32,25"
E4_Temperature,"1649403058,94621","32,25"
E4_Temperature,"1649403059,19622","32,25"
E4_Temperature,"1649403059,44624","32,25"
E4_Temperature,"1649403059,69625","32,25"
E4_Temperature,"1649403059,94626","32,25"
E4_Temperature,"1649403060,19627","32,25"
E4_Temperature,"1649403060,44628","32,25"
E4_Temperature,"1649403060,69629","32,25"
E4_Temperature,"1649403060,9463","32,25"
E4_Temperature,"1649403061,19632","32,25"
E4_Temperature,"1649403061,44633","32,25"
E4_Temperature,"1649403061,69634","32,25"
E4_Temperature,"1649403061,94635","32,25"
E4_Temperature,"1649403062,19636","32,25"
E4_Temperature,"1649403062,44637","32,25"
E4_Temperature,"1649403062,69639","32,25"
E4_Temperature,"1649403062,9464","32,25"
E4_Temperature,"1649403063,19641","32,25"
E4_Temperature,"1649403063,44642","32,25"
E4_Temperature,"1649403063,69643","32,25"
E4_Temperature,"1649403063,94644","32,25"
E4_Temperature,"1649403064,19646","32,25"
E4_Temperature,"1649403064,44647","32,25"
E4_Temperature,"1649403064,69648","32,25"
E4_Temperature,"1649403064,94649","32,25"
E4_Temperature,"1649403065,1965","32,25"
E4_Temperature,"1649403065,44651","32,23"
E4_Temperature,"1649403065,69652","32,23"
E4_Temperature,"1649403065,94654","32,23"
E4_Temperature,"1649403066,19655","32,23"
E4_Temperature,"1649403066,44656","32,25"
E4_Temperature,"1649403066,69657","32,25"
E4_Temperature,"1649403066,94658","32,25"
E4_Temperature,"1649403067,19659","32,25"
E4_Temperature,"1649403067,44661","32,27"
E4_Temperature,"1649403067,69662","32,27"
E4_Temperature,"1649403067,94663","32,27"
E4_Temperature,"1649403068,19664","32,27"
E4_Temperature,"1649403068,44665","32,27"
E4_Temperature,"1649403068,69666","32,27"
E4_Temperature,"1649403068,94668","32,27"
E4_Temperature,"1649403069,19669","32,27"
E4_Temperature,"1649403069,4467","32,27"
E4_Temperature,"1649403069,69671","32,27"
E4_Temperature,"1649403069,94672","32,27"
E4_Temperature,"1649403070,19673","32,27"
E4_Temperature,"1649403070,44674","32,27"
E4_Temperature,"1649403070,69676","32,27"
E4_Temperature,"1649403070,94677","32,27"
E4_Temperature,"1649403071,19678","32,27"
E4_Temperature,"1649403071,44679","32,25"
E4_Temperature,"1649403071,6968","32,25"
E4_Temperature,"1649403071,94681","32,25"
E4_Temperature,"1649403072,19683","32,25"
E4_Temperature,"1649403072,44684","32,25"
E4_Temperature,"1649403072,69685","32,25"
E4_Temperature,"1649403072,94686","32,25"
E4_Temperature,"1649403073,19687","32,25"
E4_Temperature,"1649403073,44688","32,27"
E4_Temperature,"1649403073,6969","32,27"
E4_Temperature,"1649403073,94691","32,27"
E4_Temperature,"1649403074,19692","32,27"
E4_Temperature,"1649403074,44693","32,29"
E4_Temperature,"1649403074,69694","32,29"
E4_Temperature,"1649403074,94695","32,29"
E4_Temperature,"1649403075,19696","32,29"
E4_Temperature,"1649403075,44698","32,29"
E4_Temperature,"1649403075,69699","32,29"
E4_Temperature,"1649403075,947","32,29"
E4_Temperature,"1649403076,19701","32,29"
E4_Temperature,"1649403076,44702","32,31"
E4_Temperature,"1649403076,69703","32,31"
E4_Temperature,"1649403076,94705","32,31"
E4_Temperature,"1649403077,19706","32,31"
E4_Temperature,"1649403077,44707","32,31"
E4_Temperature,"1649403077,69708","32,31"
E4_Temperature,"1649403077,94709","32,31"
E4_Temperature,"1649403078,1971","32,31"
E4_Temperature,"1649403078,44712","32,31"
E4_Temperature,"1649403078,69713","32,31"
E4_Temperature,"1649403078,94714","32,31"
E4_Temperature,"1649403079,19715","32,31"
E4_Temperature,"1649403079,44716","32,31"
E4_Temperature,"1649403079,69717","32,31"
E4_Temperature,"1649403079,94718","32,31"
E4_Temperature,"1649403080,1972","32,31"
E4_Temperature,"1649403080,44721","32,29"
E4_Temperature,"1649403080,69722","32,29"
E4_Temperature,"1649403080,94723","32,29"
E4_Temperature,"1649403081,19724","32,29"
E4_Temperature,"1649403081,44725","32,31"
E4_Temperature,"1649403081,69727","32,31"
E4_Temperature,"1649403081,94728","32,31"
E4_Temperature,"1649403082,19729","32,31"
E4_Temperature,"1649403082,4473","32,31"
E4_Temperature,"1649403082,69731","32,31"
E4_Temperature,"1649403082,94732","32,31"
E4_Temperature,"1649403083,19734","32,31"
E4_Temperature,"1649403083,44735","32,31"
E4_Temperature,"1649403083,69736","32,31"
E4_Temperature,"1649403083,94737","32,31"
E4_Temperature,"1649403084,19738","32,31"
E4_Temperature,"1649403084,44739","32,31"
E4_Temperature,"1649403084,6974","32,31"
E4_Temperature,"1649403084,94742","32,31"
E4_Temperature,"1649403085,19743","32,31"
E4_Temperature,"1649403085,44744","32,31"
E4_Temperature,"1649403085,69745","32,31"
E4_Temperature,"1649403085,94746","32,31"
E4_Temperature,"1649403086,19747","32,31"
E4_Temperature,"1649403086,44749","32,31"
E4_Temperature,"1649403086,6975","32,31"
E4_Temperature,"1649403086,94751","32,31"
E4_Temperature,"1649403087,19752","32,31"
E4_Temperature,"1649403087,44753","32,35"
E4_Temperature,"1649403087,69754","32,35"
E4_Temperature,"1649403087,94755","32,35"
E4_Temperature,"1649403088,19757","32,35"
E4_Temperature,"1649403088,44758","32,35"
E4_Temperature,"1649403088,69759","32,35"
E4_Temperature,"1649403088,9476","32,35"
E4_Temperature,"1649403089,19761","32,35"
E4_Temperature,"1649403089,44762","32,35"
E4_Temperature,"1649403089,69764","32,35"
E4_Temperature,"1649403089,94765","32,35"
E4_Temperature,"1649403090,19766","32,35"
E4_Temperature,"1649403090,44767","32,33"
E4_Temperature,"1649403090,69768","32,33"
E4_Temperature,"1649403090,94769","32,33"
E4_Temperature,"1649403091,19771","32,33"
E4_Temperature,"1649403091,44772","32,35"
E4_Temperature,"1649403091,69773","32,35"
E4_Temperature,"1649403091,94774","32,35"
E4_Temperature,"1649403092,19775","32,35"
E4_Temperature,"1649403092,44776","32,33"
E4_Temperature,"1649403092,69777","32,33"
E4_Temperature,"1649403092,94779","32,33"
E4_Temperature,"1649403093,1978","32,33"
E4_Temperature,"1649403093,44781","32,35"
E4_Temperature,"1649403093,69782","32,35"
E4_Temperature,"1649403093,94783","32,35"
E4_Temperature,"1649403094,19784","32,35"
E4_Temperature,"1649403094,44786","32,35"
E4_Temperature,"1649403094,69787","32,35"
E4_Temperature,"1649403094,94788","32,35"
E4_Temperature,"1649403095,19789","32,35"
E4_Temperature,"1649403095,4479","32,35"
E4_Temperature,"1649403095,69791","32,35"
E4_Temperature,"1649403095,94793","32,35"
E4_Temperature,"1649403096,19794","32,35"
E4_Temperature,"1649403096,44795","32,39"
E4_Temperature,"1649403096,69796","32,39"
E4_Temperature,"1649403096,94797","32,39"
E4_Temperature,"1649403097,19798","32,39"
E4_Temperature,"1649403097,44799","32,37"
E4_Temperature,"1649403097,69801","32,37"
E4_Temperature,"1649403097,94802","32,37"
E4_Temperature,"1649403098,19803","32,37"
E4_Temperature,"1649403098,44804","32,35"
E4_Temperature,"1649403098,69805","32,35"
E4_Temperature,"1649403098,94806","32,35"
E4_Temperature,"1649403099,19808","32,35"
E4_Temperature,"1649403099,44809","32,37"
E4_Temperature,"1649403099,6981","32,37"
E4_Temperature,"1649403099,94811","32,37"
E4_Temperature,"1649403100,19812","32,37"
E4_Temperature,"1649403100,44813","32,39"
E4_Temperature,"1649403100,69815","32,39"
E4_Temperature,"1649403100,94816","32,39"
E4_Temperature,"1649403101,19817","32,39"
E4_Temperature,"1649403101,44818","32,37"
E4_Temperature,"1649403101,69819","32,37"
E4_Temperature,"1649403101,9482","32,37"
E4_Temperature,"1649403102,19821","32,37"
E4_Temperature,"1649403102,44823","32,37"
E4_Temperature,"1649403102,69824","32,37"
E4_Temperature,"1649403102,94825","32,37"
E4_Temperature,"1649403103,19826","32,37"
E4_Temperature,"1649403103,44827","32,39"
E4_Temperature,"1649403103,69828","32,39"
E4_Temperature,"1649403103,9483","32,39"
E4_Temperature,"1649403104,19831","32,39"
E4_Temperature,"1649403104,44832","32,39"
E4_Temperature,"1649403104,69833","32,39"
E4_Temperature,"1649403104,94834","32,39"
E4_Temperature,"1649403105,19835","32,39"
E4_Temperature,"1649403105,44837","32,41"
E4_Temperature,"1649403105,69838","32,41"
E4_Temperature,"1649403105,94839","32,41"
E4_Temperature,"1649403106,1984","32,41"
E4_Temperature,"1649403106,44841","32,41"
E4_Temperature,"1649403106,69842","32,41"
E4_Temperature,"1649403106,94843","32,41"
E4_Temperature,"1649403107,19845","32,41"
E4_Temperature,"1649403107,44846","32,41"
E4_Temperature,"1649403107,69847","32,41"
E4_Temperature,"1649403107,94848","32,41"
E4_Temperature,"1649403108,19849","32,41"
E4_Temperature,"1649403108,4485","32,43"
E4_Temperature,"1649403108,69852","32,43"
E4_Temperature,"1649403108,94853","32,43"
E4_Temperature,"1649403109,19854","32,43"
E4_Temperature,"1649403109,44855","32,43"
E4_Temperature,"1649403109,69856","32,43"
E4_Temperature,"1649403109,94857","32,43"
E4_Temperature,"1649403110,19859","32,43"
E4_Temperature,"1649403110,4486","32,43"
E4_Temperature,"1649403110,69861","32,43"
E4_Temperature,"1649403110,94862","32,43"
E4_Temperature,"1649403111,19863","32,43"
E4_Temperature,"1649403111,44864","32,41"
E4_Temperature,"1649403111,69865","32,41"
E4_Temperature,"1649403111,94867","32,41"
E4_Temperature,"1649403112,19868","32,41"
E4_Temperature,"1649403112,44869","32,43"
E4_Temperature,"1649403112,6987","32,43"
E4_Temperature,"1649403112,94871","32,43"
E4_Temperature,"1649403113,19872","32,43"
E4_Temperature,"1649403113,44874","32,41"
E4_Temperature,"1649403113,69875","32,41"
E4_Temperature,"1649403113,94876","32,41"
E4_Temperature,"1649403114,19877","32,41"
E4_Temperature,"1649403114,44878","32,43"
E4_Temperature,"1649403114,69879","32,43"
E4_Temperature,"1649403114,94881","32,43"
E4_Temperature,"1649403115,19882","32,43"
E4_Temperature,"1649403115,44883","32,45"
E4_Temperature,"1649403115,69884","32,45"
E4_Temperature,"1649403115,94885","32,45"
E4_Temperature,"1649403116,19886","32,45"
E4_Temperature,"1649403116,44887","32,45"
E4_Temperature,"1649403116,69889","32,45"
E4_Temperature,"1649403116,9489","32,45"
E4_Temperature,"1649403117,19891","32,45"
E4_Temperature,"1649403117,44892","32,45"
E4_Temperature,"1649403117,69893","32,45"
E4_Temperature,"1649403117,94894","32,45"
E4_Temperature,"1649403118,19896","32,45"
E4_Temperature,"1649403118,44897","32,47"
E4_Temperature,"1649403118,69898","32,47"
E4_Temperature,"1649403118,94899","32,47"
E4_Temperature,"1649403119,199","32,47"
E4_Temperature,"1649403119,44901","32,49"
E4_Temperature,"1649403119,69902","32,49"
E4_Temperature,"1649403119,94904","32,49"
E4_Temperature,"1649403120,19905","32,49"
E4_Temperature,"1649403120,44906","32,47"
E4_Temperature,"1649403120,69907","32,47"
E4_Temperature,"1649403120,94908","32,47"
E4_Temperature,"1649403121,19909","32,47"
E4_Temperature,"1649403121,44911","32,47"
E4_Temperature,"1649403121,69912","32,47"
E4_Temperature,"1649403121,94913","32,47"
E4_Temperature,"1649403122,19914","32,47"
E4_Temperature,"1649403122,44915","32,47"
E4_Temperature,"1649403122,69916","32,47"
E4_Temperature,"1649403122,94918","32,47"
E4_Temperature,"1649403123,19919","32,47"
E4_Temperature,"1649403123,4492","32,49"
E4_Temperature,"1649403123,69921","32,49"
E4_Temperature,"1649403123,94922","32,49"
E4_Temperature,"1649403124,19923","32,49"
E4_Temperature,"1649403124,44924","32,47"
E4_Temperature,"1649403124,69926","32,47"
E4_Temperature,"1649403124,94927","32,47"
E4_Temperature,"1649403125,19928","32,47"
E4_Temperature,"1649403125,44929","32,49"
E4_Temperature,"1649403125,6993","32,49"
E4_Temperature,"1649403125,94931","32,49"
E4_Temperature,"1649403126,19933","32,49"
E4_Temperature,"1649403126,44934","32,51"
E4_Temperature,"1649403126,69935","32,51"
E4_Temperature,"1649403126,94936","32,51"
E4_Temperature,"1649403127,19937","32,51"
E4_Temperature,"1649403127,44938","32,53"
E4_Temperature,"1649403127,6994","32,53"
E4_Temperature,"1649403127,94941","32,53"
E4_Temperature,"1649403128,19942","32,53"
E4_Temperature,"1649403128,44943","32,51"
E4_Temperature,"1649403128,69944","32,51"
E4_Temperature,"1649403128,94945","32,51"
E4_Temperature,"1649403129,19946","32,51"
E4_Temperature,"1649403129,44948","32,51"
E4_Temperature,"1649403129,69949","32,51"
E4_Temperature,"1649403129,9495","32,51"
E4_Temperature,"1649403130,19951","32,51"
E4_Temperature,"1649403130,44952","32,51"
E4_Temperature,"1649403130,69953","32,51"
E4_Temperature,"1649403130,94955","32,51"
E4_Temperature,"1649403131,19956","32,51"
E4_Temperature,"1649403131,44957","32,49"
E4_Temperature,"1649403131,69958","32,49"
E4_Temperature,"1649403131,94959","32,49"
E4_Temperature,"1649403132,1996","32,49"
E4_Temperature,"1649403132,44962","32,53"
E4_Temperature,"1649403132,69963","32,53"
E4_Temperature,"1649403132,94964","32,53"
E4_Temperature,"1649403133,19965","32,53"
E4_Temperature,"1649403133,44966","32,53"
E4_Temperature,"1649403133,69967","32,53"
E4_Temperature,"1649403133,94968","32,53"
E4_Temperature,"1649403134,1997","32,53"
E4_Temperature,"1649403134,44971","32,53"
E4_Temperature,"1649403134,69972","32,53"
E4_Temperature,"1649403134,94973","32,53"
E4_Temperature,"1649403135,19974","32,53"
E4_Temperature,"1649403135,44975","32,53"
E4_Temperature,"1649403135,69977","32,53"
E4_Temperature,"1649403135,94978","32,53"
E4_Temperature,"1649403136,19979","32,53"
E4_Temperature,"1649403136,4498","32,53"
E4_Temperature,"1649403136,69981","32,53"
E4_Temperature,"1649403136,94982","32,53"
E4_Temperature,"1649403137,19984","32,53"
E4_Temperature,"1649403137,44985","32,53"
E4_Temperature,"1649403137,69986","32,53"
E4_Temperature,"1649403137,94987","32,53"
E4_Temperature,"1649403138,19988","32,53"
E4_Temperature,"1649403138,44989","32,53"
E4_Temperature,"1649403138,6999","32,53"
E4_Temperature,"1649403138,94992","32,53"
E4_Temperature,"1649403139,19993","32,53"
E4_Temperature,"1649403139,44994","32,55"
E4_Temperature,"1649403139,69995","32,55"
E4_Temperature,"1649403139,94996","32,55"
E4_Temperature,"1649403140,19997","32,55"
E4_Temperature,"1649403140,44999","32,53"
E4_Temperature,"1649403140,7","32,53"
E4_Temperature,"1649403140,95001","32,53"
E4_Temperature,"1649403141,20002","32,53"
E4_Temperature,"1649403141,45003","32,57"
E4_Temperature,"1649403141,70004","32,57"
E4_Temperature,"1649403141,95006","32,57"
E4_Temperature,"1649403142,20007","32,57"
E4_Temperature,"1649403142,45008","32,57"
E4_Temperature,"1649403142,70009","32,57"
E4_Temperature,"1649403142,9501","32,57"
E4_Temperature,"1649403143,20011","32,57"
E4_Temperature,"1649403143,45012","32,57"
E4_Temperature,"1649403143,70014","32,57"
E4_Temperature,"1649403143,95015","32,57"
E4_Temperature,"1649403144,20016","32,57"
E4_Temperature,"1649403144,45017","32,55"
E4_Temperature,"1649403144,70018","32,55"
E4_Temperature,"1649403144,95019","32,55"
E4_Temperature,"1649403145,20021","32,55"
E4_Temperature,"1649403145,45022","32,57"
E4_Temperature,"1649403145,70023","32,57"
E4_Temperature,"1649403145,95024","32,57"
E4_Temperature,"1649403146,20025","32,57"
E4_Temperature,"1649403146,45026","32,57"
E4_Temperature,"1649403146,70027","32,57"
E4_Temperature,"1649403146,95029","32,57"
E4_Temperature,"1649403147,2003","32,57"
E4_Temperature,"1649403147,45031","32,57"
E4_Temperature,"1649403147,70032","32,57"
E4_Temperature,"1649403147,95033","32,57"
E4_Temperature,"1649403148,20034","32,57"
E4_Temperature,"1649403148,45036","32,59"
E4_Temperature,"1649403148,70037","32,59"
E4_Temperature,"1649403148,95038","32,59"
E4_Temperature,"1649403149,20039","32,59"
E4_Temperature,"1649403149,4504","32,59"
E4_Temperature,"1649403149,70041","32,59"
E4_Temperature,"1649403149,95043","32,59"
E4_Temperature,"1649403150,20044","32,59"
E4_Temperature,"1649403150,45045","32,59"
E4_Temperature,"1649403150,70046","32,59"
E4_Temperature,"1649403150,95047","32,59"
E4_Temperature,"1649403151,20048","32,59"
E4_Temperature,"1649403151,4505","32,61"
E4_Temperature,"1649403151,70051","32,61"
E4_Temperature,"1649403151,95052","32,61"
E4_Temperature,"1649403152,20053","32,61"
E4_Temperature,"1649403152,45054","32,61"
E4_Temperature,"1649403152,70055","32,61"
E4_Temperature,"1649403152,95056","32,61"
E4_Temperature,"1649403153,20058","32,61"
E4_Temperature,"1649403153,45059","32,61"
E4_Temperature,"1649403153,7006","32,61"
E4_Temperature,"1649403153,95061","32,61"
E4_Temperature,"1649403154,20062","32,61"
E4_Temperature,"1649403154,45063","32,61"
E4_Temperature,"1649403154,70065","32,61"
E4_Temperature,"1649403154,95066","32,61"
E4_Temperature,"1649403155,20067","32,61"
E4_Temperature,"1649403155,45068","32,61"
E4_Temperature,"1649403155,70069","32,61"
E4_Temperature,"1649403155,9507","32,61"
E4_Temperature,"1649403156,20071","32,61"
E4_Temperature,"1649403156,45073","32,61"
E4_Temperature,"1649403156,70074","32,61"
E4_Temperature,"1649403156,95075","32,61"
E4_Temperature,"1649403157,20076","32,61"
E4_Temperature,"1649403157,45077","32,61"
E4_Temperature,"1649403157,70078","32,61"
E4_Temperature,"1649403157,9508","32,61"
E4_Temperature,"1649403158,20081","32,61"
E4_Temperature,"1649403158,45082","32,63"
E4_Temperature,"1649403158,70083","32,63"
E4_Temperature,"1649403158,95084","32,63"
E4_Temperature,"1649403159,20085","32,63"
E4_Temperature,"1649403159,45087","32,63"
E4_Temperature,"1649403159,70088","32,63"
E4_Temperature,"1649403159,95089","32,63"
E4_Temperature,"1649403160,2009","32,63"
E4_Temperature,"1649403160,45091","32,63"
E4_Temperature,"1649403160,70092","32,63"
E4_Temperature,"1649403160,95093","32,63"
E4_Temperature,"1649403161,20095","32,63"
E4_Temperature,"1649403161,45096","32,63"
E4_Temperature,"1649403161,70097","32,63"
E4_Temperature,"1649403161,95098","32,63"
E4_Temperature,"1649403162,20099","32,63"
E4_Temperature,"1649403162,451","32,63"
E4_Temperature,"1649403162,70102","32,63"
E4_Temperature,"1649403162,95103","32,63"
E4_Temperature,"1649403163,20104","32,63"
E4_Temperature,"1649403163,45105","32,63"
E4_Temperature,"1649403163,70106","32,63"
E4_Temperature,"1649403163,95107","32,63"
E4_Temperature,"1649403164,20109","32,63"
E4_Temperature,"1649403164,4511","32,65"
E4_Temperature,"1649403164,70111","32,65"
E4_Temperature,"1649403164,95112","32,65"
E4_Temperature,"1649403165,20113","32,65"
E4_Temperature,"1649403165,45114","32,67"
E4_Temperature,"1649403165,70115","32,67"
E4_Temperature,"1649403165,95117","32,67"
E4_Temperature,"1649403166,20118","32,67"
E4_Temperature,"1649403166,45119","32,67"
E4_Temperature,"1649403166,7012","32,67"
E4_Temperature,"1649403166,95121","32,67"
E4_Temperature,"1649403167,20122","32,67"
E4_Temperature,"1649403167,45124","32,67"
E4_Temperature,"1649403167,70125","32,67"
E4_Temperature,"1649403167,95126","32,67"
E4_Temperature,"1649403168,20127","32,67"
E4_Temperature,"1649403168,45128","32,67"
E4_Temperature,"1649403168,70129","32,67"
E4_Temperature,"1649403168,95131","32,67"
E4_Temperature,"1649403169,20132","32,67"
E4_Temperature,"1649403169,45133","32,67"
E4_Temperature,"1649403169,70134","32,67"
E4_Temperature,"1649403169,95135","32,67"
E4_Temperature,"1649403170,20136","32,67"
E4_Temperature,"1649403170,45137","32,67"
E4_Temperature,"1649403170,70139","32,67"
E4_Temperature,"1649403170,9514","32,67"
E4_Temperature,"1649403171,20141","32,67"
E4_Temperature,"1649403171,45142","32,67"
E4_Temperature,"1649403171,70143","32,67"
E4_Temperature,"1649403171,95144","32,67"
E4_Temperature,"1649403172,20146","32,67"
E4_Temperature,"1649403172,45147","32,69"
E4_Temperature,"1649403172,70148","32,69"
E4_Temperature,"1649403172,95149","32,69"
E4_Temperature,"1649403173,2015","32,69"
E4_Temperature,"1649403173,45151","32,69"
E4_Temperature,"1649403173,70152","32,69"
E4_Temperature,"1649403173,95154","32,69"
E4_Temperature,"1649403174,20155","32,69"
E4_Temperature,"1649403174,45156","32,71"
E4_Temperature,"1649403174,70157","32,71"
E4_Temperature,"1649403174,95158","32,71"
E4_Temperature,"1649403175,20159","32,71"
E4_Temperature,"1649403175,45161","32,71"
E4_Temperature,"1649403175,70162","32,71"
E4_Temperature,"1649403175,95163","32,71"
E4_Temperature,"1649403176,20164","32,71"
E4_Temperature,"1649403176,45165","32,71"
E4_Temperature,"1649403176,70166","32,71"
E4_Temperature,"1649403176,95168","32,71"
E4_Temperature,"1649403177,20169","32,71"
E4_Temperature,"1649403177,4517","32,73"
E4_Temperature,"1649403177,70171","32,73"
E4_Temperature,"1649403177,95172","32,73"
E4_Temperature,"1649403178,20173","32,73"
E4_Temperature,"1649403178,45175","32,71"
E4_Temperature,"1649403178,70176","32,71"
E4_Temperature,"1649403178,95177","32,71"
E4_Temperature,"1649403179,20178","32,71"
E4_Temperature,"1649403179,45179","32,73"
E4_Temperature,"1649403179,7018","32,73"
E4_Temperature,"1649403179,95181","32,73"
E4_Temperature,"1649403180,20183","32,73"
E4_Temperature,"1649403180,45184","32,73"
E4_Temperature,"1649403180,70185","32,73"
E4_Temperature,"1649403180,95186","32,73"
E4_Temperature,"1649403181,20187","32,73"
E4_Temperature,"1649403181,45188","32,73"
E4_Temperature,"1649403181,7019","32,73"
E4_Temperature,"1649403181,95191","32,73"
E4_Temperature,"1649403182,20192","32,73"
E4_Temperature,"1649403182,45193","32,75"
E4_Temperature,"1649403182,70194","32,75"
E4_Temperature,"1649403182,95195","32,75"
E4_Temperature,"1649403183,20196","32,75"
E4_Temperature,"1649403183,45198","32,75"
E4_Temperature,"1649403183,70199","32,75"
E4_Temperature,"1649403183,952","32,75"
E4_Temperature,"1649403184,20201","32,75"
E4_Temperature,"1649403184,45202","32,77"
E4_Temperature,"1649403184,70203","32,77"
E4_Temperature,"1649403184,95205","32,77"
E4_Temperature,"1649403185,20206","32,77"
E4_Temperature,"1649403185,45207","32,77"
E4_Temperature,"1649403185,70208","32,77"
E4_Temperature,"1649403185,95209","32,77"
E4_Temperature,"1649403186,2021","32,77"
E4_Temperature,"1649403186,45212","32,79"
E4_Temperature,"1649403186,70213","32,79"
E4_Temperature,"1649403186,95214","32,79"
E4_Temperature,"1649403187,20215","32,79"
E4_Temperature,"1649403187,45216","32,79"
E4_Temperature,"1649403187,70217","32,79"
E4_Temperature,"1649403187,95218","32,79"
E4_Temperature,"1649403188,2022","32,79"
E4_Temperature,"1649403188,45221","32,79"
E4_Temperature,"1649403188,70222","32,79"
E4_Temperature,"1649403188,95223","32,79"
E4_Temperature,"1649403189,20224","32,79"
E4_Temperature,"1649403189,45225","32,79"
E4_Temperature,"1649403189,70227","32,79"
E4_Temperature,"1649403189,95228","32,79"
E4_Temperature,"1649403190,20229","32,79"
E4_Temperature,"1649403190,4523","32,83"
E4_Temperature,"1649403190,70231","32,83"
E4_Temperature,"1649403190,95232","32,83"
E4_Temperature,"1649403191,20234","32,83"
E4_Temperature,"1649403191,45235","32,81"
E4_Temperature,"1649403191,70236","32,81"
E4_Temperature,"1649403191,95237","32,81"
E4_Temperature,"1649403192,20238","32,81"
E4_Temperature,"1649403192,45239","32,81"
E4_Temperature,"1649403192,7024","32,81"
E4_Temperature,"1649403192,95242","32,81"
E4_Temperature,"1649403193,20243","32,81"
E4_Temperature,"1649403193,45244","32,85"
E4_Temperature,"1649403193,70245","32,85"
E4_Temperature,"1649403193,95246","32,85"
E4_Temperature,"1649403194,20247","32,85"
E4_Temperature,"1649403194,45249","32,85"
E4_Temperature,"1649403194,7025","32,85"
E4_Temperature,"1649403194,95251","32,85"
E4_Temperature,"1649403195,20252","32,85"
E4_Temperature,"1649403195,45253","32,83"
E4_Temperature,"1649403195,70254","32,83"
E4_Temperature,"1649403195,95256","32,83"
E4_Temperature,"1649403196,20257","32,83"
E4_Temperature,"1649403196,45258","32,83"
E4_Temperature,"1649403196,70259","32,83"
E4_Temperature,"1649403196,9526","32,83"
E4_Temperature,"1649403197,20261","32,83"
E4_Temperature,"1649403197,45262","32,87"
E4_Temperature,"1649403197,70264","32,87"
E4_Temperature,"1649403197,95265","32,87"
E4_Temperature,"1649403198,20266","32,87"
E4_Temperature,"1649403198,45267","32,87"
E4_Temperature,"1649403198,70268","32,87"
E4_Temperature,"1649403198,95269","32,87"
E4_Temperature,"1649403199,20271","32,87"
E4_Temperature,"1649403199,45272","32,87"
E4_Temperature,"1649403199,70273","32,87"
E4_Temperature,"1649403199,95274","32,87"
E4_Temperature,"1649403200,20275","32,87"
E4_Temperature,"1649403200,45276","32,89"
E4_Temperature,"1649403200,70278","32,89"
E4_Temperature,"1649403200,95279","32,89"
E4_Temperature,"1649403201,2028","32,89"
E4_Temperature,"1649403201,45281","32,89"
E4_Temperature,"1649403201,70282","32,89"
E4_Temperature,"1649403201,95283","32,89"
E4_Temperature,"1649403202,20284","32,89"
E4_Temperature,"1649403202,45286","32,89"
E4_Temperature,"1649403202,70287","32,89"
E4_Temperature,"1649403202,95288","32,89"
E4_Temperature,"1649403203,20289","32,89"
E4_Temperature,"1649403203,4529","32,89"
E4_Temperature,"1649403203,70291","32,89"
E4_Temperature,"1649403203,95293","32,89"
E4_Temperature,"1649403204,20294","32,89"
E4_Temperature,"1649403204,45295","32,91"
E4_Temperature,"1649403204,70296","32,91"
E4_Temperature,"1649403204,95297","32,91"
E4_Temperature,"1649403205,20298","32,91"
E4_Temperature,"1649403205,453","32,93"
E4_Temperature,"1649403205,70301","32,93"
E4_Temperature,"1649403205,95302","32,93"
E4_Temperature,"1649403206,20303","32,93"
E4_Temperature,"1649403206,45304","32,91"
E4_Temperature,"1649403206,70305","32,91"
E4_Temperature,"1649403206,95306","32,91"
E4_Temperature,"1649403207,20308","32,91"
E4_Temperature,"1649403207,45309","32,91"
E4_Temperature,"1649403207,7031","32,91"
E4_Temperature,"1649403207,95311","32,91"
E4_Temperature,"1649403208,20312","32,91"
E4_Temperature,"1649403208,45313","32,95"
E4_Temperature,"1649403208,70315","32,95"
E4_Temperature,"1649403208,95316","32,95"
E4_Temperature,"1649403209,20317","32,95"
E4_Temperature,"1649403209,45318","32,93"
E4_Temperature,"1649403209,70319","32,93"
E4_Temperature,"1649403209,9532","32,93"
E4_Temperature,"1649403210,20321","32,93"
E4_Temperature,"1649403210,45323","32,95"
E4_Temperature,"1649403210,70324","32,95"
E4_Temperature,"1649403210,95325","32,95"
E4_Temperature,"1649403211,20326","32,95"
E4_Temperature,"1649403211,45327","32,95"
E4_Temperature,"1649403211,70328","32,95"
E4_Temperature,"1649403211,9533","32,95"
E4_Temperature,"1649403212,20331","32,95"
E4_Temperature,"1649403212,45332","32,95"
E4_Temperature,"1649403212,70333","32,95"
E4_Temperature,"1649403212,95334","32,95"
E4_Temperature,"1649403213,20335","32,95"
E4_Temperature,"1649403213,45337","32,95"
E4_Temperature,"1649403213,70338","32,95"
E4_Temperature,"1649403213,95339","32,95"
E4_Temperature,"1649403214,2034","32,95"
E4_Temperature,"1649403214,45341","32,97"
E4_Temperature,"1649403214,70342","32,97"
E4_Temperature,"1649403214,95343","32,97"
E4_Temperature,"1649403215,20345","32,97"
E4_Temperature,"1649403215,45346","32,97"
E4_Temperature,"1649403215,70347","32,97"
E4_Temperature,"1649403215,95348","32,97"
E4_Temperature,"1649403216,20349","32,97"
E4_Temperature,"1649403216,4535","32,97"
E4_Temperature,"1649403216,70352","32,97"
E4_Temperature,"1649403216,95353","32,97"
E4_Temperature,"1649403217,20354","32,97"
E4_Temperature,"1649403217,45355","32,97"
E4_Temperature,"1649403217,70356","32,97"
E4_Temperature,"1649403217,95357","32,97"
E4_Temperature,"1649403218,20359","32,97"
E4_Temperature,"1649403218,4536","33,01"
E4_Temperature,"1649403218,70361","33,01"
E4_Temperature,"1649403218,95362","33,01"
E4_Temperature,"1649403219,20363","33,01"
E4_Temperature,"1649403219,45364","33,01"
E4_Temperature,"1649403219,70365","33,01"
E4_Temperature,"1649403219,95367","33,01"
E4_Temperature,"1649403220,20368","33,01"
E4_Temperature,"1649403220,45369","33,01"
E4_Temperature,"1649403220,7037","33,01"
E4_Temperature,"1649403220,95371","33,01"
E4_Temperature,"1649403221,20372","33,01"
E4_Temperature,"1649403221,45374","33,01"
E4_Temperature,"1649403221,70375","33,01"
E4_Temperature,"1649403221,95376","33,01"
E4_Temperature,"1649403222,20377","33,01"
E4_Temperature,"1649403222,45378","33,03"
E4_Temperature,"1649403222,70379","33,03"
E4_Temperature,"1649403222,95381","33,03"
E4_Temperature,"1649403223,20382","33,03"
E4_Temperature,"1649403223,45383","33,01"
E4_Temperature,"1649403223,70384","33,01"
E4_Temperature,"1649403223,95385","33,01"
E4_Temperature,"1649403224,20386","33,01"
E4_Temperature,"1649403224,45387","33,03"
E4_Temperature,"1649403224,70389","33,03"
E4_Temperature,"1649403224,9539","33,03"
E4_Temperature,"1649403225,20391","33,03"
E4_Temperature,"1649403225,45392","33,01"
E4_Temperature,"1649403225,70393","33,01"
E4_Temperature,"1649403225,95394","33,01"
E4_Temperature,"1649403226,20396","33,01"
E4_Temperature,"1649403226,45397","33,03"
E4_Temperature,"1649403226,70398","33,03"
E4_Temperature,"1649403226,95399","33,03"
E4_Temperature,"1649403227,204","33,03"
E4_Temperature,"1649403227,45401","33,03"
E4_Temperature,"1649403227,70403","33,03"
E4_Temperature,"1649403227,95404","33,03"
E4_Temperature,"1649403228,20405","33,03"
E4_Temperature,"1649403228,45406","33,05"
E4_Temperature,"1649403228,70407","33,05"
E4_Temperature,"1649403228,95408","33,05"
E4_Temperature,"1649403229,20409","33,05"
E4_Temperature,"1649403229,45411","33,07"
E4_Temperature,"1649403229,70412","33,07"
E4_Temperature,"1649403229,95413","33,07"
E4_Temperature,"1649403230,20414","33,07"
E4_Temperature,"1649403230,45415","33,05"
E4_Temperature,"1649403230,70416","33,05"
E4_Temperature,"1649403230,95418","33,05"
E4_Temperature,"1649403231,20419","33,05"
E4_Temperature,"1649403231,4542","33,07"
E4_Temperature,"1649403231,70421","33,07"
E4_Temperature,"1649403231,95422","33,07"
E4_Temperature,"1649403232,20423","33,07"
E4_Temperature,"1649403232,45425","33,07"
E4_Temperature,"1649403232,70426","33,07"
E4_Temperature,"1649403232,95427","33,07"
E4_Temperature,"1649403233,20428","33,07"
E4_Temperature,"1649403233,45429","33,07"
E4_Temperature,"1649403233,7043","33,07"
E4_Temperature,"1649403233,95431","33,07"
E4_Temperature,"1649403234,20433","33,07"
E4_Temperature,"1649403234,45434","33,07"
E4_Temperature,"1649403234,70435","33,07"
E4_Temperature,"1649403234,95436","33,07"
E4_Temperature,"1649403235,20437","33,07"
E4_Temperature,"1649403235,45438","33,07"
E4_Temperature,"1649403235,7044","33,07"
E4_Temperature,"1649403235,95441","33,07"
E4_Temperature,"1649403236,20442","33,07"
E4_Temperature,"1649403236,45443","33,07"
E4_Temperature,"1649403236,70444","33,07"
E4_Temperature,"1649403236,95445","33,07"
E4_Temperature,"1649403237,20447","33,07"
E4_Temperature,"1649403237,45448","33,09"
E4_Temperature,"1649403237,70449","33,09"
E4_Temperature,"1649403237,9545","33,09"
E4_Temperature,"1649403238,20451","33,09"
E4_Temperature,"1649403238,45452","33,09"
E4_Temperature,"1649403238,70453","33,09"
E4_Temperature,"1649403238,95455","33,09"
E4_Temperature,"1649403239,20456","33,09"
E4_Temperature,"1649403239,45457","33,09"
E4_Temperature,"1649403239,70458","33,09"
E4_Temperature,"1649403239,95459","33,09"
E4_Temperature,"1649403240,2046","33,09"
E4_Temperature,"1649403240,45462","33,09"
E4_Temperature,"1649403240,70463","33,09"
E4_Temperature,"1649403240,95464","33,09"
E4_Temperature,"1649403241,20465","33,09"
E4_Temperature,"1649403241,45466","33,09"
E4_Temperature,"1649403241,70467","33,09"
E4_Temperature,"1649403241,95468","33,09"
E4_Temperature,"1649403242,2047","33,09"
E4_Temperature,"1649403242,45471","33,11"
E4_Temperature,"1649403242,70472","33,11"
E4_Temperature,"1649403242,95473","33,11"
E4_Temperature,"1649403243,20474","33,11"
E4_Temperature,"1649403243,45475","33,13"
E4_Temperature,"1649403243,70477","33,13"
E4_Temperature,"1649403243,95478","33,13"
E4_Temperature,"1649403244,20479","33,13"
E4_Temperature,"1649403244,4548","33,11"
E4_Temperature,"1649403244,70481","33,11"
E4_Temperature,"1649403244,95482","33,11"
E4_Temperature,"1649403245,20484","33,11"
E4_Temperature,"1649403245,45485","33,13"
E4_Temperature,"1649403245,70486","33,13"
E4_Temperature,"1649403245,95487","33,13"
E4_Temperature,"1649403246,20488","33,13"
E4_Temperature,"1649403246,45489","33,15"
E4_Temperature,"1649403246,7049","33,15"
E4_Temperature,"1649403246,95492","33,15"
E4_Temperature,"1649403247,20493","33,15"
E4_Temperature,"1649403247,45494","33,13"
E4_Temperature,"1649403247,70495","33,13"
E4_Temperature,"1649403247,95496","33,13"
E4_Temperature,"1649403248,20497","33,13"
E4_Temperature,"1649403248,45499","33,13"
E4_Temperature,"1649403248,705","33,13"
E4_Temperature,"1649403248,95501","33,13"
E4_Temperature,"1649403249,20502","33,13"
E4_Temperature,"1649403249,45503","33,15"
E4_Temperature,"1649403249,70504","33,15"
E4_Temperature,"1649403249,95506","33,15"
E4_Temperature,"1649403250,20507","33,15"
E4_Temperature,"1649403250,45508","33,13"
E4_Temperature,"1649403250,70509","33,13"
E4_Temperature,"1649403250,9551","33,13"
E4_Temperature,"1649403251,20511","33,13"
E4_Temperature,"1649403251,45512","33,17"
E4_Temperature,"1649403251,70514","33,17"
E4_Temperature,"1649403251,95515","33,17"
E4_Temperature,"1649403252,20516","33,17"
E4_Temperature,"1649403252,45517","33,17"
E4_Temperature,"1649403252,70518","33,17"
E4_Temperature,"1649403252,95519","33,17"
E4_Temperature,"1649403253,20521","33,17"
E4_Temperature,"1649403253,45522","33,15"
E4_Temperature,"1649403253,70523","33,15"
E4_Temperature,"1649403253,95524","33,15"
E4_Temperature,"1649403254,20525","33,15"
E4_Temperature,"1649403254,45526","33,17"
E4_Temperature,"1649403254,70528","33,17"
E4_Temperature,"1649403254,95529","33,17"
E4_Temperature,"1649403255,2053","33,17"
E4_Temperature,"1649403255,45531","33,19"
E4_Temperature,"1649403255,70532","33,19"
E4_Temperature,"1649403255,95533","33,19"
E4_Temperature,"1649403256,20534","33,19"
E4_Temperature,"1649403256,45536","33,19"
E4_Temperature,"1649403256,70537","33,19"
E4_Temperature,"1649403256,95538","33,19"
E4_Temperature,"1649403257,20539","33,19"
E4_Temperature,"1649403257,4554","33,17"
E4_Temperature,"1649403257,70541","33,17"
E4_Temperature,"1649403257,95543","33,17"
E4_Temperature,"1649403258,20544","33,17"
E4_Temperature,"1649403258,45545","33,17"
E4_Temperature,"1649403258,70546","33,17"
E4_Temperature,"1649403258,95547","33,17"
E4_Temperature,"1649403259,20548","33,17"
E4_Temperature,"1649403259,4555","33,17"
E4_Temperature,"1649403259,70551","33,17"
E4_Temperature,"1649403259,95552","33,17"
E4_Temperature,"1649403260,20553","33,17"
E4_Temperature,"1649403260,45554","33,19"
E4_Temperature,"1649403260,70555","33,19"
E4_Temperature,"1649403260,95556","33,19"
E4_Temperature,"1649403261,20558","33,19"
E4_Temperature,"1649403261,45559","33,17"
E4_Temperature,"1649403261,7056","33,17"
E4_Temperature,"1649403261,95561","33,17"
E4_Temperature,"1649403262,20562","33,17"
E4_Temperature,"1649403262,45563","33,19"
E4_Temperature,"1649403262,70565","33,19"
E4_Temperature,"1649403262,95566","33,19"
E4_Temperature,"1649403263,20567","33,19"
E4_Temperature,"1649403263,45568","33,21"
E4_Temperature,"1649403263,70569","33,21"
E4_Temperature,"1649403263,9557","33,21"
E4_Temperature,"1649403264,20572","33,21"
E4_Temperature,"1649403264,45573","33,21"
E4_Temperature,"1649403264,70574","33,21"
E4_Temperature,"1649403264,95575","33,21"
E4_Temperature,"1649403265,20576","33,21"
E4_Temperature,"1649403265,45577","33,19"
E4_Temperature,"1649403265,70578","33,19"
E4_Temperature,"1649403265,9558","33,19"
E4_Temperature,"1649403266,20581","33,19"
E4_Temperature,"1649403266,45582","33,21"
E4_Temperature,"1649403266,70583","33,21"
E4_Temperature,"1649403266,95584","33,21"
E4_Temperature,"1649403267,20585","33,21"
E4_Temperature,"1649403267,45587","33,21"
E4_Temperature,"1649403267,70588","33,21"
E4_Temperature,"1649403267,95589","33,21"
E4_Temperature,"1649403268,2059","33,21"
E4_Temperature,"1649403268,45591","33,21"
E4_Temperature,"1649403268,70592","33,21"
E4_Temperature,"1649403268,95594","33,21"
E4_Temperature,"1649403269,20595","33,21"
E4_Temperature,"1649403269,45596","33,23"
E4_Temperature,"1649403269,70597","33,23"
E4_Temperature,"1649403269,95598","33,23"
E4_Temperature,"1649403270,20599","33,23"
E4_Temperature,"1649403270,456","33,23"
E4_Temperature,"1649403270,70602","33,23"
E4_Temperature,"1649403270,95603","33,23"
E4_Temperature,"1649403271,20604","33,23"
E4_Temperature,"1649403271,45605","33,23"
E4_Temperature,"1649403271,70606","33,23"
E4_Temperature,"1649403271,95607","33,23"
E4_Temperature,"1649403272,20609","33,23"
E4_Temperature,"1649403272,4561","33,21"
E4_Temperature,"1649403272,70611","33,21"
E4_Temperature,"1649403272,95612","33,21"
E4_Temperature,"1649403273,20613","33,21"
E4_Temperature,"1649403273,45614","33,23"
E4_Temperature,"1649403273,70616","33,23"
E4_Temperature,"1649403273,95617","33,23"
E4_Temperature,"1649403274,20618","33,23"
E4_Temperature,"1649403274,45619","33,25"
E4_Temperature,"1649403274,7062","33,25"
E4_Temperature,"1649403274,95621","33,25"
E4_Temperature,"1649403275,20622","33,25"
E4_Temperature,"1649403275,45624","33,25"
E4_Temperature,"1649403275,70625","33,25"
E4_Temperature,"1649403275,95626","33,25"
E4_Temperature,"1649403276,20627","33,25"
E4_Temperature,"1649403276,45628","33,23"
E4_Temperature,"1649403276,70629","33,23"
E4_Temperature,"1649403276,95631","33,23"
E4_Temperature,"1649403277,20632","33,23"
E4_Temperature,"1649403277,45633","33,23"
E4_Temperature,"1649403277,70634","33,23"
E4_Temperature,"1649403277,95635","33,23"
E4_Temperature,"1649403278,20636","33,23"
E4_Temperature,"1649403278,45637","33,23"
E4_Temperature,"1649403278,70639","33,23"
E4_Temperature,"1649403278,9564","33,23"
E4_Temperature,"1649403279,20641","33,23"
E4_Temperature,"1649403279,45642","33,23"
E4_Temperature,"1649403279,70643","33,23"
E4_Temperature,"1649403279,95644","33,23"
E4_Temperature,"1649403280,20646","33,23"
E4_Temperature,"1649403280,45647","33,25"
E4_Temperature,"1649403280,70648","33,25"
E4_Temperature,"1649403280,95649","33,25"
E4_Temperature,"1649403281,2065","33,25"
E4_Temperature,"1649403281,45651","33,25"
E4_Temperature,"1649403281,70653","33,25"
E4_Temperature,"1649403281,95654","33,25"
E4_Temperature,"1649403282,20655","33,25"
E4_Temperature,"1649403282,45656","33,25"
E4_Temperature,"1649403282,70657","33,25"
E4_Temperature,"1649403282,95658","33,25"
E4_Temperature,"1649403283,20659","33,25"
E4_Temperature,"1649403283,45661","33,25"
E4_Temperature,"1649403283,70662","33,25"
E4_Temperature,"1649403283,95663","33,25"
E4_Temperature,"1649403284,20664","33,25"
E4_Temperature,"1649403284,45665","33,23"
E4_Temperature,"1649403284,70666","33,23"
E4_Temperature,"1649403284,95668","33,23"
E4_Temperature,"1649403285,20669","33,23"
E4_Temperature,"1649403285,4567","33,27"
E4_Temperature,"1649403285,70671","33,27"
E4_Temperature,"1649403285,95672","33,27"
E4_Temperature,"1649403286,20673","33,27"
E4_Temperature,"1649403286,45675","33,25"
E4_Temperature,"1649403286,70676","33,25"
E4_Temperature,"1649403286,95677","33,25"
E4_Temperature,"1649403287,20678","33,25"
