EDA,time,values
E4_Gsr,"1640869796,964","0,9086903"
E4_Gsr,"1640869797,214","0,9163774"
E4_Gsr,"1640869797,464","0,913815"
E4_Gsr,"1640869797,714","0,9125338"
E4_Gsr,"1640869797,964","0,9099715"
E4_Gsr,"1640869798,214","0,9048468"
E4_Gsr,"1640869798,464","0,9048468"
E4_Gsr,"1640869798,714","0,9035656"
E4_Gsr,"1640869798,964","0,9035656"
E4_Gsr,"1640869799,214","0,9022844"
E4_Gsr,"1640869799,464","0,9035656"
E4_Gsr,"1640869799,714","0,899722"
E4_Gsr,"1640869799,964","0,9010032"
E4_Gsr,"1640869800,214","0,8971597"
E4_Gsr,"1640869800,464","0,8984409"
E4_Gsr,"1640869800,714","0,8958785"
E4_Gsr,"1640869800,964","0,892035"
E4_Gsr,"1640869801,214","0,892035"
E4_Gsr,"1640869801,464","0,8907538"
E4_Gsr,"1640869801,714","0,892035"
E4_Gsr,"1640869801,964","0,8869103"
E4_Gsr,"1640869802,214","0,892035"
E4_Gsr,"1640869802,464","0,8869103"
E4_Gsr,"1640869802,714","0,8907538"
E4_Gsr,"1640869802,964","0,8869103"
E4_Gsr,"1640869803,214","0,8881915"
E4_Gsr,"1640869803,464","0,8869103"
E4_Gsr,"1640869803,714","0,8830668"
E4_Gsr,"1640869803,964","0,8881915"
E4_Gsr,"1640869804,214","0,8817856"
E4_Gsr,"1640869804,464","0,8843479"
E4_Gsr,"1640869804,714","0,8792232"
E4_Gsr,"1640869804,964","0,8766609"
E4_Gsr,"1640869805,214","0,8753797"
E4_Gsr,"1640869805,464","0,8792232"
E4_Gsr,"1640869805,714","0,8766609"
E4_Gsr,"1640869805,964","0,877942"
E4_Gsr,"1640869806,214","0,8728173"
E4_Gsr,"1640869806,464","0,877942"
E4_Gsr,"1640869806,714","0,8753797"
E4_Gsr,"1640869806,964","0,8715361"
E4_Gsr,"1640869807,214","0,8728173"
E4_Gsr,"1640869807,464","0,8715361"
E4_Gsr,"1640869807,714","0,870255"
E4_Gsr,"1640869807,964","0,8689738"
E4_Gsr,"1640869808,214","0,8728173"
E4_Gsr,"1640869808,464","0,8651303"
E4_Gsr,"1640869808,714","0,8715361"
E4_Gsr,"1640869808,964","0,8651303"
E4_Gsr,"1640869809,214","0,8651303"
E4_Gsr,"1640869809,464","0,8676926"
E4_Gsr,"1640869809,714","0,8638491"
E4_Gsr,"1640869809,964","0,8587244"
E4_Gsr,"1640869810,214","0,8587244"
E4_Gsr,"1640869810,464","0,8587244"
E4_Gsr,"1640869810,714","0,8561621"
E4_Gsr,"1640869810,964","0,8600056"
E4_Gsr,"1640869811,214","0,8574432"
E4_Gsr,"1640869811,464","0,8561621"
E4_Gsr,"1640869811,714","0,8587244"
E4_Gsr,"1640869811,964","0,8753797"
E4_Gsr,"1640869812,214","0,8561621"
E4_Gsr,"1640869812,464","0,8523185"
E4_Gsr,"1640869812,714","0,8510373"
E4_Gsr,"1640869812,964","0,8471938"
E4_Gsr,"1640869813,214","0,8523185"
E4_Gsr,"1640869813,464","0,8497562"
E4_Gsr,"1640869813,714","0,8523185"
E4_Gsr,"1640869813,964","0,848475"
E4_Gsr,"1640869814,214","0,8459126"
E4_Gsr,"1640869814,464","0,8459126"
E4_Gsr,"1640869814,714","0,8420691"
E4_Gsr,"1640869814,964","0,8459126"
E4_Gsr,"1640869815,214","0,8459126"
E4_Gsr,"1640869815,464","0,8446314"
E4_Gsr,"1640869815,714","0,8395067"
E4_Gsr,"1640869815,964","0,8459126"
E4_Gsr,"1640869816,214","0,8433503"
E4_Gsr,"1640869816,464","0,8395067"
E4_Gsr,"1640869816,714","0,8395067"
E4_Gsr,"1640869816,964","0,8407879"
E4_Gsr,"1640869817,214","0,8395067"
E4_Gsr,"1640869817,464","0,8369444"
E4_Gsr,"1640869817,714","0,8395067"
E4_Gsr,"1640869817,964","0,8343821"
E4_Gsr,"1640869818,214","0,8382255"
E4_Gsr,"1640869818,464","0,8433503"
E4_Gsr,"1640869818,714","0,8343821"
E4_Gsr,"1640869818,964","0,8356632"
E4_Gsr,"1640869819,214","0,8331009"
E4_Gsr,"1640869819,464","0,8343821"
E4_Gsr,"1640869819,714","0,8305385"
E4_Gsr,"1640869819,964","0,8356632"
E4_Gsr,"1640869820,214","0,8279762"
E4_Gsr,"1640869820,464","0,8343821"
E4_Gsr,"1640869820,714","0,8279762"
E4_Gsr,"1640869820,964","0,8305385"
E4_Gsr,"1640869821,214","0,8279762"
E4_Gsr,"1640869821,464","0,826695"
E4_Gsr,"1640869821,714","0,8241326"
E4_Gsr,"1640869821,964","0,8241326"
E4_Gsr,"1640869822,214","0,8305385"
E4_Gsr,"1640869822,464","0,8202891"
E4_Gsr,"1640869822,714","0,8279762"
E4_Gsr,"1640869822,964","0,8215703"
E4_Gsr,"1640869823,214","0,826695"
E4_Gsr,"1640869823,464","0,8228514"
E4_Gsr,"1640869823,714","0,8215703"
E4_Gsr,"1640869823,964","0,826695"
E4_Gsr,"1640869824,214","0,8202891"
E4_Gsr,"1640869824,464","0,8241326"
E4_Gsr,"1640869824,714","0,8202891"
E4_Gsr,"1640869824,964","0,8202891"
E4_Gsr,"1640869825,214","0,8151644"
E4_Gsr,"1640869825,464","0,8202891"
E4_Gsr,"1640869825,714","0,8138832"
E4_Gsr,"1640869825,964","0,8190079"
E4_Gsr,"1640869826,214","0,8177267"
E4_Gsr,"1640869826,464","0,8228514"
E4_Gsr,"1640869826,714","0,8241326"
E4_Gsr,"1640869826,964","0,8215703"
E4_Gsr,"1640869827,214","0,8343821"
E4_Gsr,"1640869827,464","0,8369444"
E4_Gsr,"1640869827,714","0,8395067"
E4_Gsr,"1640869827,964","0,8407879"
E4_Gsr,"1640869828,214","0,8446314"
E4_Gsr,"1640869828,464","0,8471938"
E4_Gsr,"1640869828,714","0,8535997"
E4_Gsr,"1640869828,964","0,8523185"
E4_Gsr,"1640869829,214","0,8600056"
E4_Gsr,"1640869829,464","0,8600056"
E4_Gsr,"1640869829,714","0,8459126"
E4_Gsr,"1640869829,964","0,8471938"
E4_Gsr,"1640869830,214","0,8446314"
E4_Gsr,"1640869830,464","0,8497562"
E4_Gsr,"1640869830,714","0,8407879"
E4_Gsr,"1640869830,964","0,8446314"
E4_Gsr,"1640869831,214","0,8446314"
E4_Gsr,"1640869831,464","0,8471938"
E4_Gsr,"1640869831,714","0,8471938"
E4_Gsr,"1640869831,964","0,8612868"
E4_Gsr,"1640869832,214","0,8664114"
E4_Gsr,"1640869832,464","0,8651303"
E4_Gsr,"1640869832,714","0,8676926"
E4_Gsr,"1640869832,964","0,8638491"
E4_Gsr,"1640869833,214","0,8651303"
E4_Gsr,"1640869833,464","0,8625679"
E4_Gsr,"1640869833,714","0,8625679"
E4_Gsr,"1640869833,964","0,8587244"
E4_Gsr,"1640869834,214","0,8638491"
E4_Gsr,"1640869834,464","0,8587244"
E4_Gsr,"1640869834,714","0,8612868"
E4_Gsr,"1640869834,964","0,8561621"
E4_Gsr,"1640869835,214","0,8600056"
E4_Gsr,"1640869835,464","0,8574432"
E4_Gsr,"1640869835,714","0,8535997"
E4_Gsr,"1640869835,964","0,8574432"
E4_Gsr,"1640869836,214","0,8523185"
E4_Gsr,"1640869836,464","0,8561621"
E4_Gsr,"1640869836,714","0,8497562"
E4_Gsr,"1640869836,964","0,8574432"
E4_Gsr,"1640869837,214","0,8497562"
E4_Gsr,"1640869837,464","0,8561621"
E4_Gsr,"1640869837,714","0,8497562"
E4_Gsr,"1640869837,964","0,8535997"
E4_Gsr,"1640869838,214","0,8510373"
E4_Gsr,"1640869838,464","0,8535997"
E4_Gsr,"1640869838,714","0,8587244"
E4_Gsr,"1640869838,964","0,8561621"
E4_Gsr,"1640869839,214","0,8612868"
E4_Gsr,"1640869839,464","0,8587244"
E4_Gsr,"1640869839,714","0,8587244"
E4_Gsr,"1640869839,964","0,8497562"
E4_Gsr,"1640869840,214","0,8510373"
E4_Gsr,"1640869840,464","0,8587244"
E4_Gsr,"1640869840,714","0,8548809"
E4_Gsr,"1640869840,964","0,8510373"
E4_Gsr,"1640869841,214","0,8523185"
E4_Gsr,"1640869841,464","0,8510373"
E4_Gsr,"1640869841,714","0,8523185"
E4_Gsr,"1640869841,964","0,8548809"
E4_Gsr,"1640869842,214","0,8523185"
E4_Gsr,"1640869842,464","0,8548809"
E4_Gsr,"1640869842,714","0,8459126"
E4_Gsr,"1640869842,964","0,848475"
E4_Gsr,"1640869843,214","0,8459126"
E4_Gsr,"1640869843,464","0,8459126"
E4_Gsr,"1640869843,714","0,8459126"
E4_Gsr,"1640869843,964","0,8407879"
E4_Gsr,"1640869844,214","0,8420691"
E4_Gsr,"1640869844,464","0,8510373"
E4_Gsr,"1640869844,714","0,8523185"
E4_Gsr,"1640869844,964","0,8561621"
E4_Gsr,"1640869845,214","0,8561621"
E4_Gsr,"1640869845,464","0,8625679"
E4_Gsr,"1640869845,714","0,8497562"
E4_Gsr,"1640869845,964","0,8523185"
E4_Gsr,"1640869846,214","0,8535997"
E4_Gsr,"1640869846,464","0,8510373"
E4_Gsr,"1640869846,714","0,8497562"
E4_Gsr,"1640869846,964","0,8471938"
E4_Gsr,"1640869847,214","0,8459126"
E4_Gsr,"1640869847,464","0,8395067"
E4_Gsr,"1640869847,714","0,8382255"
E4_Gsr,"1640869847,964","0,8343821"
E4_Gsr,"1640869848,214","0,8407879"
E4_Gsr,"1640869848,464","0,8382255"
E4_Gsr,"1640869848,714","0,8446314"
E4_Gsr,"1640869848,964","0,8446314"
E4_Gsr,"1640869849,214","0,8535997"
E4_Gsr,"1640869849,464","0,8548809"
E4_Gsr,"1640869849,714","0,8548809"
E4_Gsr,"1640869849,964","0,8535997"
E4_Gsr,"1640869850,214","0,8471938"
E4_Gsr,"1640869850,464","0,8523185"
E4_Gsr,"1640869850,714","0,8497562"
E4_Gsr,"1640869850,964","0,8510373"
E4_Gsr,"1640869851,214","0,8471938"
E4_Gsr,"1640869851,464","0,8535997"
E4_Gsr,"1640869851,714","0,8471938"
E4_Gsr,"1640869851,964","0,8510373"
E4_Gsr,"1640869852,214","0,8471938"
E4_Gsr,"1640869852,464","0,8497562"
E4_Gsr,"1640869852,714","0,8459126"
E4_Gsr,"1640869852,964","0,8459126"
E4_Gsr,"1640869853,214","0,8459126"
E4_Gsr,"1640869853,464","0,8433503"
E4_Gsr,"1640869853,714","0,8433503"
E4_Gsr,"1640869853,964","0,8459126"
E4_Gsr,"1640869854,214","0,8459126"
E4_Gsr,"1640869854,464","0,8433503"
E4_Gsr,"1640869854,714","0,8459126"
E4_Gsr,"1640869854,964","0,8407879"
E4_Gsr,"1640869855,214","0,8471938"
E4_Gsr,"1640869855,464","0,8395067"
E4_Gsr,"1640869855,714","0,8459126"
E4_Gsr,"1640869855,964","0,8446314"
E4_Gsr,"1640869856,214","0,8497562"
E4_Gsr,"1640869856,464","0,8471938"
E4_Gsr,"1640869856,714","0,8510373"
E4_Gsr,"1640869856,964","0,8523185"
E4_Gsr,"1640869857,214","0,8459126"
E4_Gsr,"1640869857,464","0,8459126"
E4_Gsr,"1640869857,714","0,8459126"
E4_Gsr,"1640869857,964","0,8510373"
E4_Gsr,"1640869858,214","0,848475"
E4_Gsr,"1640869858,464","0,8510373"
E4_Gsr,"1640869858,714","0,8523185"
E4_Gsr,"1640869858,964","0,8574432"
E4_Gsr,"1640869859,214","0,8535997"
E4_Gsr,"1640869859,464","0,8574432"
E4_Gsr,"1640869859,714","0,8510373"
E4_Gsr,"1640869859,964","0,8548809"
E4_Gsr,"1640869860,214","0,8523185"
E4_Gsr,"1640869860,464","0,8535997"
E4_Gsr,"1640869860,714","0,8497562"
E4_Gsr,"1640869860,964","0,8433503"
E4_Gsr,"1640869861,214","0,8471938"
E4_Gsr,"1640869861,464","0,8459126"
E4_Gsr,"1640869861,714","0,8446314"
E4_Gsr,"1640869861,964","0,8407879"
E4_Gsr,"1640869862,214","0,8420691"
E4_Gsr,"1640869862,464","0,8433503"
E4_Gsr,"1640869862,714","0,8395067"
E4_Gsr,"1640869862,964","0,8395067"
E4_Gsr,"1640869863,214","0,8433503"
E4_Gsr,"1640869863,464","0,8433503"
E4_Gsr,"1640869863,714","0,8497562"
E4_Gsr,"1640869863,964","0,8420691"
E4_Gsr,"1640869864,214","0,8459126"
E4_Gsr,"1640869864,464","0,8420691"
E4_Gsr,"1640869864,714","0,8382255"
E4_Gsr,"1640869864,964","0,8369444"
E4_Gsr,"1640869865,214","0,8356632"
E4_Gsr,"1640869865,464","0,8420691"
E4_Gsr,"1640869865,714","0,8369444"
E4_Gsr,"1640869865,964","0,8420691"
E4_Gsr,"1640869866,214","0,8356632"
E4_Gsr,"1640869866,464","0,8395067"
E4_Gsr,"1640869866,714","0,8343821"
E4_Gsr,"1640869866,964","0,8369444"
E4_Gsr,"1640869867,214","0,8331009"
E4_Gsr,"1640869867,464","0,8331009"
E4_Gsr,"1640869867,714","0,8356632"
E4_Gsr,"1640869867,964","0,8343821"
E4_Gsr,"1640869868,214","0,8343821"
E4_Gsr,"1640869868,464","0,8318197"
E4_Gsr,"1640869868,714","0,8318197"
E4_Gsr,"1640869868,964","0,8369444"
E4_Gsr,"1640869869,214","0,8356632"
E4_Gsr,"1640869869,464","0,8305385"
E4_Gsr,"1640869869,714","0,8331009"
E4_Gsr,"1640869869,964","0,8279762"
E4_Gsr,"1640869870,214","0,8292573"
E4_Gsr,"1640869870,464","0,8279762"
E4_Gsr,"1640869870,714","0,8254138"
E4_Gsr,"1640869870,964","0,8279762"
E4_Gsr,"1640869871,214","0,8202891"
E4_Gsr,"1640869871,464","0,8202891"
E4_Gsr,"1640869871,714","0,8177267"
E4_Gsr,"1640869871,964","0,8215703"
E4_Gsr,"1640869872,214","0,8254138"
E4_Gsr,"1640869872,464","0,8292573"
E4_Gsr,"1640869872,714","0,8228514"
E4_Gsr,"1640869872,964","0,826695"
E4_Gsr,"1640869873,214","0,8241326"
E4_Gsr,"1640869873,464","0,8279762"
E4_Gsr,"1640869873,714","0,8279762"
E4_Gsr,"1640869873,964","0,8292573"
E4_Gsr,"1640869874,214","0,8279762"
E4_Gsr,"1640869874,464","0,8241326"
E4_Gsr,"1640869874,714","0,8254138"
E4_Gsr,"1640869874,964","0,8215703"
E4_Gsr,"1640869875,214","0,8241326"
E4_Gsr,"1640869875,464","0,8202891"
E4_Gsr,"1640869875,714","0,8177267"
E4_Gsr,"1640869875,964","0,8151644"
E4_Gsr,"1640869876,214","0,8177267"
E4_Gsr,"1640869876,464","0,7895408"
E4_Gsr,"1640869876,714","0,8138832"
E4_Gsr,"1640869876,964","0,8138832"
E4_Gsr,"1640869877,214","0,8100397"
E4_Gsr,"1640869877,464","0,8087585"
E4_Gsr,"1640869877,714","0,8138832"
E4_Gsr,"1640869877,964","0,8151644"
E4_Gsr,"1640869878,214","0,8138832"
E4_Gsr,"1640869878,464","0,8138832"
E4_Gsr,"1640869878,714","0,8100397"
E4_Gsr,"1640869878,964","0,8190079"
E4_Gsr,"1640869879,214","0,8151644"
E4_Gsr,"1640869879,464","0,8177267"
E4_Gsr,"1640869879,714","0,8164456"
E4_Gsr,"1640869879,964","0,804915"
E4_Gsr,"1640869880,214","0,8151644"
E4_Gsr,"1640869880,464","0,8100397"
E4_Gsr,"1640869880,714","0,8113208"
E4_Gsr,"1640869880,964","0,812602"
E4_Gsr,"1640869881,214","0,8151644"
E4_Gsr,"1640869881,464","0,8061962"
E4_Gsr,"1640869881,714","0,8113208"
E4_Gsr,"1640869881,964","0,8061962"
E4_Gsr,"1640869882,214","0,8113208"
E4_Gsr,"1640869882,464","0,8023526"
E4_Gsr,"1640869882,714","0,8023526"
E4_Gsr,"1640869882,964","0,7972279"
E4_Gsr,"1640869883,214","0,7946656"
E4_Gsr,"1640869883,464","0,7972279"
E4_Gsr,"1640869883,714","0,790822"
E4_Gsr,"1640869883,964","0,7946656"
E4_Gsr,"1640869884,214","0,790822"
E4_Gsr,"1640869884,464","0,7959467"
E4_Gsr,"1640869884,714","0,7921032"
E4_Gsr,"1640869884,964","0,7933844"
E4_Gsr,"1640869885,214","0,790822"
E4_Gsr,"1640869885,464","0,7575114"
E4_Gsr,"1640869885,714","0,4525914"
E4_Gsr,"1640869885,964","0,8791541"
E4_Gsr,"1640869886,214","0,8714671"
E4_Gsr,"1640869886,464","0,8676236"
E4_Gsr,"1640869886,714","0,8676236"
E4_Gsr,"1640869886,964","0,86378"
E4_Gsr,"1640869887,214","0,7215694"
E4_Gsr,"1640869887,464","0,86378"
E4_Gsr,"1640869887,714","0,8484059"
E4_Gsr,"1640869887,964","0,8599365"
E4_Gsr,"1640869888,214","0,8599365"
E4_Gsr,"1640869888,464","0,8599365"
E4_Gsr,"1640869888,714","0,8560929"
E4_Gsr,"1640869888,964","0,8599365"
E4_Gsr,"1640869889,214","0,8548118"
E4_Gsr,"1640869889,464","0,8586553"
E4_Gsr,"1640869889,714","0,2078175"
E4_Gsr,"1640869889,964","0,7382247"
E4_Gsr,"1640869890,214","0,849687"
E4_Gsr,"1640869890,464","0,8586553"
E4_Gsr,"1640869890,714","0,8535306"
E4_Gsr,"1640869890,964","0,8560929"
E4_Gsr,"1640869891,214","0,8522494"
E4_Gsr,"1640869891,464","0,8535306"
E4_Gsr,"1640869891,714","0,8509682"
E4_Gsr,"1640869891,964","0,8471247"
E4_Gsr,"1640869892,214","0,8458436"
E4_Gsr,"1640869892,464","0,8484059"
E4_Gsr,"1640869892,714","0,8471247"
E4_Gsr,"1640869892,964","0,8471247"
E4_Gsr,"1640869893,214","0,8484059"
E4_Gsr,"1640869893,464","0,8484059"
E4_Gsr,"1640869893,714","0,8522494"
E4_Gsr,"1640869893,964","0,8522494"
E4_Gsr,"1640869894,214","0,8509682"
E4_Gsr,"1640869894,464","0,8484059"
E4_Gsr,"1640869894,714","0,8471247"
E4_Gsr,"1640869894,964","0,8509682"
E4_Gsr,"1640869895,214","0,8458436"
E4_Gsr,"1640869895,464","0,849687"
E4_Gsr,"1640869895,714","0,8445624"
E4_Gsr,"1640869895,964","0,842"
E4_Gsr,"1640869896,214","0,8381565"
E4_Gsr,"1640869896,464","0,842"
E4_Gsr,"1640869896,714","0,8394377"
E4_Gsr,"1640869896,964","0,8407188"
E4_Gsr,"1640869897,214","0,842"
E4_Gsr,"1640869897,464","0,8394377"
E4_Gsr,"1640869897,714","0,842"
E4_Gsr,"1640869897,964","0,8432812"
E4_Gsr,"1640869898,214","0,8509682"
E4_Gsr,"1640869898,464","0,8535306"
E4_Gsr,"1640869898,714","0,8573741"
E4_Gsr,"1640869898,964","0,8586553"
E4_Gsr,"1640869899,214","0,86378"
E4_Gsr,"1640869899,464","0,8624988"
E4_Gsr,"1640869899,714","0,8689047"
E4_Gsr,"1640869899,964","0,8676236"
E4_Gsr,"1640869900,214","0,8689047"
E4_Gsr,"1640869900,464","0,8689047"
E4_Gsr,"1640869900,714","0,8689047"
E4_Gsr,"1640869900,964","0,8714671"
E4_Gsr,"1640869901,214","0,8727483"
E4_Gsr,"1640869901,464","0,8676236"
E4_Gsr,"1640869901,714","0,8676236"
E4_Gsr,"1640869901,964","0,8689047"
E4_Gsr,"1640869902,214","0,8663424"
E4_Gsr,"1640869902,464","0,8650612"
E4_Gsr,"1640869902,714","0,8624988"
E4_Gsr,"1640869902,964","0,8624988"
E4_Gsr,"1640869903,214","0,8599365"
E4_Gsr,"1640869903,464","0,8586553"
E4_Gsr,"1640869903,714","0,8624988"
E4_Gsr,"1640869903,964","0,8650612"
E4_Gsr,"1640869904,214","0,8676236"
E4_Gsr,"1640869904,464","0,8676236"
E4_Gsr,"1640869904,714","0,8714671"
E4_Gsr,"1640869904,964","0,8727483"
E4_Gsr,"1640869905,214","0,8701859"
E4_Gsr,"1640869905,464","0,8701859"
E4_Gsr,"1640869905,714","0,8727483"
E4_Gsr,"1640869905,964","0,8714671"
E4_Gsr,"1640869906,214","0,8714671"
E4_Gsr,"1640869906,464","0,8740295"
E4_Gsr,"1640869906,714","0,8765918"
E4_Gsr,"1640869906,964","0,8817165"
E4_Gsr,"1640869907,214","0,8778729"
E4_Gsr,"1640869907,464","0,8842788"
E4_Gsr,"1640869907,714","0,8804353"
E4_Gsr,"1640869907,964","0,8791541"
E4_Gsr,"1640869908,214","0,8804353"
E4_Gsr,"1640869908,464","0,8791541"
E4_Gsr,"1640869908,714","0,8778729"
E4_Gsr,"1640869908,964","0,8765918"
E4_Gsr,"1640869909,214","0,8791541"
E4_Gsr,"1640869909,464","0,8778729"
E4_Gsr,"1640869909,714","0,8753106"
E4_Gsr,"1640869909,964","0,8765918"
E4_Gsr,"1640869910,214","0,8701859"
E4_Gsr,"1640869910,464","0,8740295"
E4_Gsr,"1640869910,714","0,8753106"
E4_Gsr,"1640869910,964","0,8829977"
E4_Gsr,"1640869911,214","0,8842788"
E4_Gsr,"1640869911,464","0,8868412"
E4_Gsr,"1640869911,714","0,8906847"
E4_Gsr,"1640869911,964","0,8945283"
E4_Gsr,"1640869912,214","0,899653"
E4_Gsr,"1640869912,464","0,9009342"
E4_Gsr,"1640869912,714","0,9047776"
E4_Gsr,"1640869912,964","0,9022153"
E4_Gsr,"1640869913,214","0,899653"
E4_Gsr,"1640869913,464","0,8983718"
E4_Gsr,"1640869913,714","0,8983718"
E4_Gsr,"1640869913,964","0,8945283"
E4_Gsr,"1640869914,214","0,8932471"
E4_Gsr,"1640869914,464","0,8945283"
E4_Gsr,"1640869914,714","0,8894035"
E4_Gsr,"1640869914,964","0,8983718"
E4_Gsr,"1640869915,214","0,8970906"
E4_Gsr,"1640869915,464","0,8932471"
E4_Gsr,"1640869915,714","0,8919659"
E4_Gsr,"1640869915,964","0,8958094"
E4_Gsr,"1640869916,214","0,8919659"
E4_Gsr,"1640869916,464","0,8881224"
E4_Gsr,"1640869916,714","0,8906847"
E4_Gsr,"1640869916,964","0,8881224"
E4_Gsr,"1640869917,214","0,8881224"
E4_Gsr,"1640869917,464","0,8919659"
E4_Gsr,"1640869917,714","0,8894035"
E4_Gsr,"1640869917,964","0,8881224"
E4_Gsr,"1640869918,214","0,8881224"
E4_Gsr,"1640869918,464","0,8906847"
E4_Gsr,"1640869918,714","0,88556"
E4_Gsr,"1640869918,964","0,88556"
E4_Gsr,"1640869919,214","0,8817165"
E4_Gsr,"1640869919,464","0,8804353"
E4_Gsr,"1640869919,714","0,8778729"
E4_Gsr,"1640869919,964","0,8778729"
E4_Gsr,"1640869920,214","0,8817165"
E4_Gsr,"1640869920,464","0,8817165"
E4_Gsr,"1640869920,714","0,8778729"
E4_Gsr,"1640869920,964","0,8740295"
E4_Gsr,"1640869921,214","0,8740295"
E4_Gsr,"1640869921,464","0,8765918"
E4_Gsr,"1640869921,714","0,8778729"
E4_Gsr,"1640869921,964","0,8804353"
E4_Gsr,"1640869922,214","0,8791541"
E4_Gsr,"1640869922,464","0,8778729"
E4_Gsr,"1640869922,714","0,8778729"
E4_Gsr,"1640869922,964","0,8765918"
E4_Gsr,"1640869923,214","0,8778729"
E4_Gsr,"1640869923,464","0,8804353"
E4_Gsr,"1640869923,714","0,8791541"
E4_Gsr,"1640869923,964","0,8753106"
E4_Gsr,"1640869924,214","0,8804353"
E4_Gsr,"1640869924,464","0,8778729"
E4_Gsr,"1640869924,714","0,8701859"
E4_Gsr,"1640869924,964","0,8676236"
E4_Gsr,"1640869925,214","0,8624988"
E4_Gsr,"1640869925,464","0,8650612"
E4_Gsr,"1640869925,714","0,8599365"
E4_Gsr,"1640869925,964","0,8599365"
E4_Gsr,"1640869926,214","0,8586553"
E4_Gsr,"1640869926,464","0,8548118"
E4_Gsr,"1640869926,714","0,8522494"
E4_Gsr,"1640869926,964","0,8573741"
E4_Gsr,"1640869927,214","0,8586553"
E4_Gsr,"1640869927,464","0,8599365"
E4_Gsr,"1640869927,714","0,8624988"
E4_Gsr,"1640869927,964","0,8573741"
E4_Gsr,"1640869928,214","0,8573741"
E4_Gsr,"1640869928,464","0,8573741"
E4_Gsr,"1640869928,714","0,8560929"
E4_Gsr,"1640869928,964","0,8548118"
E4_Gsr,"1640869929,214","0,8522494"
E4_Gsr,"1640869929,464","0,8573741"
E4_Gsr,"1640869929,714","0,8522494"
E4_Gsr,"1640869929,964","0,8535306"
E4_Gsr,"1640869930,214","0,8560929"
E4_Gsr,"1640869930,464","0,8509682"
E4_Gsr,"1640869930,714","0,849687"
E4_Gsr,"1640869930,964","0,849687"
E4_Gsr,"1640869931,214","0,8458436"
E4_Gsr,"1640869931,464","0,8445624"
E4_Gsr,"1640869931,714","0,8432812"
E4_Gsr,"1640869931,964","0,8407188"
E4_Gsr,"1640869932,214","0,8394377"
E4_Gsr,"1640869932,464","0,8407188"
E4_Gsr,"1640869932,714","0,8381565"
E4_Gsr,"1640869932,964","0,8394377"
E4_Gsr,"1640869933,214","0,8368753"
E4_Gsr,"1640869933,464","0,8381565"
E4_Gsr,"1640869933,714","0,8407188"
E4_Gsr,"1640869933,964","0,842"
E4_Gsr,"1640869934,214","0,8445624"
E4_Gsr,"1640869934,464","0,8407188"
E4_Gsr,"1640869934,714","0,8445624"
E4_Gsr,"1640869934,964","0,8368753"
E4_Gsr,"1640869935,214","0,8368753"
E4_Gsr,"1640869935,464","0,8368753"
E4_Gsr,"1640869935,714","0,8355941"
E4_Gsr,"1640869935,964","0,8355941"
E4_Gsr,"1640869936,214","0,834313"
E4_Gsr,"1640869936,464","0,8355941"
E4_Gsr,"1640869936,714","0,8330318"
E4_Gsr,"1640869936,964","0,8355941"
E4_Gsr,"1640869937,214","0,8368753"
E4_Gsr,"1640869937,464","0,8330318"
E4_Gsr,"1640869937,714","0,8304694"
E4_Gsr,"1640869937,964","0,8291882"
E4_Gsr,"1640869938,214","0,8253447"
E4_Gsr,"1640869938,464","0,8215012"
E4_Gsr,"1640869938,714","0,8215012"
E4_Gsr,"1640869938,964","0,8227823"
E4_Gsr,"1640869939,214","0,8215012"
E4_Gsr,"1640869939,464","0,82022"
E4_Gsr,"1640869939,714","0,8176576"
E4_Gsr,"1640869939,964","0,8189389"
E4_Gsr,"1640869940,214","0,8176576"
E4_Gsr,"1640869940,464","0,8163764"
E4_Gsr,"1640869940,714","0,8176576"
E4_Gsr,"1640869940,964","0,82022"
E4_Gsr,"1640869941,214","0,8240635"
E4_Gsr,"1640869941,464","0,8215012"
E4_Gsr,"1640869941,714","0,8266259"
E4_Gsr,"1640869941,964","0,8240635"
E4_Gsr,"1640869942,214","0,8227823"
E4_Gsr,"1640869942,464","0,8215012"
E4_Gsr,"1640869942,714","0,8189389"
E4_Gsr,"1640869942,964","0,8253447"
E4_Gsr,"1640869943,214","0,82022"
E4_Gsr,"1640869943,464","0,8215012"
E4_Gsr,"1640869943,714","0,82022"
E4_Gsr,"1640869943,964","0,8163764"
E4_Gsr,"1640869944,214","0,8163764"
E4_Gsr,"1640869944,464","0,8163764"
E4_Gsr,"1640869944,714","0,8176576"
E4_Gsr,"1640869944,964","0,8150953"
E4_Gsr,"1640869945,214","0,8176576"
E4_Gsr,"1640869945,464","0,812533"
E4_Gsr,"1640869945,714","0,8112518"
E4_Gsr,"1640869945,964","0,8150953"
E4_Gsr,"1640869946,214","0,8138141"
E4_Gsr,"1640869946,464","0,8176576"
E4_Gsr,"1640869946,714","0,8189389"
E4_Gsr,"1640869946,964","0,8266259"
E4_Gsr,"1640869947,214","0,8253447"
E4_Gsr,"1640869947,464","0,8304694"
E4_Gsr,"1640869947,714","0,8291882"
E4_Gsr,"1640869947,964","0,8291882"
E4_Gsr,"1640869948,214","0,8304694"
E4_Gsr,"1640869948,464","0,8279071"
E4_Gsr,"1640869948,714","0,8330318"
E4_Gsr,"1640869948,964","0,8317506"
E4_Gsr,"1640869949,214","0,8253447"
E4_Gsr,"1640869949,464","0,8240635"
E4_Gsr,"1640869949,714","0,8253447"
E4_Gsr,"1640869949,964","0,8317506"
E4_Gsr,"1640869950,214","0,8394377"
E4_Gsr,"1640869950,464","0,8458436"
E4_Gsr,"1640869950,714","0,849687"
E4_Gsr,"1640869950,964","0,849687"
E4_Gsr,"1640869951,214","0,8522494"
E4_Gsr,"1640869951,464","0,8522494"
E4_Gsr,"1640869951,714","0,8535306"
E4_Gsr,"1640869951,964","0,8535306"
E4_Gsr,"1640869952,214","0,8535306"
E4_Gsr,"1640869952,464","0,8522494"
E4_Gsr,"1640869952,714","0,8471247"
E4_Gsr,"1640869952,964","0,8458436"
E4_Gsr,"1640869953,214","0,8458436"
E4_Gsr,"1640869953,464","0,8535306"
E4_Gsr,"1640869953,714","0,849687"
E4_Gsr,"1640869953,964","0,8471247"
E4_Gsr,"1640869954,214","0,8458436"
E4_Gsr,"1640869954,464","0,8484059"
E4_Gsr,"1640869954,714","0,8509682"
E4_Gsr,"1640869954,964","0,8471247"
E4_Gsr,"1640869955,214","0,849687"
E4_Gsr,"1640869955,464","0,8432812"
E4_Gsr,"1640869955,714","0,8394377"
E4_Gsr,"1640869955,964","0,842"
E4_Gsr,"1640869956,214","0,8407188"
E4_Gsr,"1640869956,464","0,8407188"
E4_Gsr,"1640869956,714","0,8381565"
E4_Gsr,"1640869956,964","0,834313"
E4_Gsr,"1640869957,214","0,8381565"
E4_Gsr,"1640869957,464","0,8381565"
E4_Gsr,"1640869957,714","0,8407188"
E4_Gsr,"1640869957,964","0,8432812"
E4_Gsr,"1640869958,214","0,8394377"
E4_Gsr,"1640869958,464","0,8368753"
E4_Gsr,"1640869958,714","0,8355941"
E4_Gsr,"1640869958,964","0,8368753"
E4_Gsr,"1640869959,214","0,8330318"
E4_Gsr,"1640869959,464","0,8381565"
E4_Gsr,"1640869959,714","0,8355941"
E4_Gsr,"1640869959,964","0,8304694"
E4_Gsr,"1640869960,214","0,8355941"
E4_Gsr,"1640869960,464","0,8291882"
E4_Gsr,"1640869960,714","0,8279071"
E4_Gsr,"1640869960,964","0,8266259"
E4_Gsr,"1640869961,214","0,8304694"
E4_Gsr,"1640869961,464","0,8266259"
E4_Gsr,"1640869961,714","0,8240635"
E4_Gsr,"1640869961,964","0,8240635"
E4_Gsr,"1640869962,214","0,8215012"
E4_Gsr,"1640869962,464","0,8227823"
E4_Gsr,"1640869962,714","0,8215012"
E4_Gsr,"1640869962,964","0,8253447"
E4_Gsr,"1640869963,214","0,8215012"
E4_Gsr,"1640869963,464","0,8215012"
E4_Gsr,"1640869963,714","0,8253447"
E4_Gsr,"1640869963,964","0,8253447"
E4_Gsr,"1640869964,214","0,8279071"
E4_Gsr,"1640869964,464","0,8227823"
E4_Gsr,"1640869964,714","0,82022"
E4_Gsr,"1640869964,964","0,8215012"
E4_Gsr,"1640869965,214","0,82022"
E4_Gsr,"1640869965,464","0,8227823"
E4_Gsr,"1640869965,714","0,8227823"
E4_Gsr,"1640869965,964","0,8253447"
E4_Gsr,"1640869966,214","0,8189389"
E4_Gsr,"1640869966,464","0,8240635"
E4_Gsr,"1640869966,714","0,8253447"
E4_Gsr,"1640869966,964","0,8240635"
E4_Gsr,"1640869967,214","0,8240635"
E4_Gsr,"1640869967,464","0,8189389"
E4_Gsr,"1640869967,714","0,8215012"
E4_Gsr,"1640869967,964","0,8227823"
E4_Gsr,"1640869968,214","0,8189389"
E4_Gsr,"1640869968,464","0,8227823"
E4_Gsr,"1640869968,714","0,8189389"
E4_Gsr,"1640869968,964","0,82022"
E4_Gsr,"1640869969,214","0,8176576"
E4_Gsr,"1640869969,464","0,82022"
E4_Gsr,"1640869969,714","0,8176576"
E4_Gsr,"1640869969,964","0,8176576"
E4_Gsr,"1640869970,214","0,8150953"
E4_Gsr,"1640869970,464","0,8150953"
E4_Gsr,"1640869970,714","0,8138141"
E4_Gsr,"1640869970,964","0,8099706"
E4_Gsr,"1640869971,214","0,8112518"
E4_Gsr,"1640869971,464","0,8099706"
E4_Gsr,"1640869971,714","0,8086894"
E4_Gsr,"1640869971,964","0,8086894"
E4_Gsr,"1640869972,214","0,8099706"
E4_Gsr,"1640869972,464","0,812533"
E4_Gsr,"1640869972,714","0,8086894"
E4_Gsr,"1640869972,964","0,812533"
E4_Gsr,"1640869973,214","0,8150953"
E4_Gsr,"1640869973,464","0,8099706"
E4_Gsr,"1640869973,714","0,8086894"
E4_Gsr,"1640869973,964","0,8074082"
E4_Gsr,"1640869974,214","0,8061271"
E4_Gsr,"1640869974,464","0,8061271"
E4_Gsr,"1640869974,714","0,8099706"
E4_Gsr,"1640869974,964","0,812533"
E4_Gsr,"1640869975,214","0,8112518"
E4_Gsr,"1640869975,464","0,8112518"
E4_Gsr,"1640869975,714","0,8099706"
E4_Gsr,"1640869975,964","0,8112518"
E4_Gsr,"1640869976,214","0,812533"
E4_Gsr,"1640869976,464","0,8048459"
E4_Gsr,"1640869976,714","0,8048459"
E4_Gsr,"1640869976,964","0,8061271"
E4_Gsr,"1640869977,214","0,8048459"
E4_Gsr,"1640869977,464","0,8035647"
E4_Gsr,"1640869977,714","0,8061271"
E4_Gsr,"1640869977,964","0,8035647"
E4_Gsr,"1640869978,214","0,8061271"
E4_Gsr,"1640869978,464","0,8035647"
E4_Gsr,"1640869978,714","0,8010023"
E4_Gsr,"1640869978,964","0,8061271"
E4_Gsr,"1640869979,214","0,8099706"
E4_Gsr,"1640869979,464","0,8099706"
E4_Gsr,"1640869979,714","0,8086894"
E4_Gsr,"1640869979,964","0,8099706"
E4_Gsr,"1640869980,214","0,8086894"
E4_Gsr,"1640869980,464","0,8061271"
E4_Gsr,"1640869980,714","0,8035647"
E4_Gsr,"1640869980,964","0,8035647"
E4_Gsr,"1640869981,214","0,8074082"
E4_Gsr,"1640869981,464","0,8061271"
E4_Gsr,"1640869981,714","0,8074082"
E4_Gsr,"1640869981,964","0,8086894"
E4_Gsr,"1640869982,214","0,8074082"
E4_Gsr,"1640869982,464","0,8112518"
E4_Gsr,"1640869982,714","0,8035647"
E4_Gsr,"1640869982,964","0,8074082"
E4_Gsr,"1640869983,214","0,8061271"
E4_Gsr,"1640869983,464","0,8061271"
E4_Gsr,"1640869983,714","0,8035647"
E4_Gsr,"1640869983,964","0,8048459"
E4_Gsr,"1640869984,214","0,8061271"
E4_Gsr,"1640869984,464","0,8010023"
E4_Gsr,"1640869984,714","0,8061271"
E4_Gsr,"1640869984,964","0,8035647"
E4_Gsr,"1640869985,214","0,8022835"
E4_Gsr,"1640869985,464","0,8022835"
E4_Gsr,"1640869985,714","0,8022835"
E4_Gsr,"1640869985,964","0,8010023"
E4_Gsr,"1640869986,214","0,8022835"
E4_Gsr,"1640869986,464","0,8048459"
E4_Gsr,"1640869986,714","0,7997212"
E4_Gsr,"1640869986,964","0,8035647"
E4_Gsr,"1640869987,214","0,79844"
E4_Gsr,"1640869987,464","0,7945965"
E4_Gsr,"1640869987,714","0,7958776"
E4_Gsr,"1640869987,964","0,7945965"
E4_Gsr,"1640869988,214","0,7945965"
E4_Gsr,"1640869988,464","0,7958776"
E4_Gsr,"1640869988,714","0,7933153"
E4_Gsr,"1640869988,964","0,7920341"
E4_Gsr,"1640869989,214","0,7958776"
E4_Gsr,"1640869989,464","0,7958776"
E4_Gsr,"1640869989,714","0,7997212"
E4_Gsr,"1640869989,964","0,8010023"
E4_Gsr,"1640869990,214","0,7997212"
E4_Gsr,"1640869990,464","0,8022835"
E4_Gsr,"1640869990,714","0,79844"
E4_Gsr,"1640869990,964","0,8010023"
E4_Gsr,"1640869991,214","0,8022835"
E4_Gsr,"1640869991,464","0,8010023"
E4_Gsr,"1640869991,714","0,79844"
E4_Gsr,"1640869991,964","0,7945965"
E4_Gsr,"1640869992,214","0,7945965"
E4_Gsr,"1640869992,464","0,7920341"
E4_Gsr,"1640869992,714","0,7945965"
E4_Gsr,"1640869992,964","0,7881906"
E4_Gsr,"1640869993,214","0,7881906"
E4_Gsr,"1640869993,464","0,7907529"
E4_Gsr,"1640869993,714","0,7856282"
E4_Gsr,"1640869993,964","0,7856282"
E4_Gsr,"1640869994,214","0,7881906"
E4_Gsr,"1640869994,464","0,7881906"
E4_Gsr,"1640869994,714","0,7881906"
E4_Gsr,"1640869994,964","0,7881906"
E4_Gsr,"1640869995,214","0,7920341"
E4_Gsr,"1640869995,464","0,7894717"
E4_Gsr,"1640869995,714","0,7894717"
E4_Gsr,"1640869995,964","0,7869094"
E4_Gsr,"1640869996,214","0,7920341"
E4_Gsr,"1640869996,464","0,7907529"
E4_Gsr,"1640869996,714","0,7881906"
E4_Gsr,"1640869996,964","0,7869094"
E4_Gsr,"1640869997,214","0,7830659"
E4_Gsr,"1640869997,464","0,7856282"
E4_Gsr,"1640869997,714","0,7830659"
E4_Gsr,"1640869997,964","0,7856282"
E4_Gsr,"1640869998,214","0,7894717"
E4_Gsr,"1640869998,464","0,7881906"
E4_Gsr,"1640869998,714","0,7869094"
E4_Gsr,"1640869998,964","0,7856282"
E4_Gsr,"1640869999,214","0,7869094"
E4_Gsr,"1640869999,464","0,7856282"
E4_Gsr,"1640869999,714","0,7856282"
E4_Gsr,"1640869999,964","0,7881906"
E4_Gsr,"1640870000,214","0,7805035"
E4_Gsr,"1640870000,464","0,7830659"
E4_Gsr,"1640870000,714","0,7805035"
E4_Gsr,"1640870000,964","0,7856282"
E4_Gsr,"1640870001,214","0,7805035"
E4_Gsr,"1640870001,464","0,7869094"
E4_Gsr,"1640870001,714","0,7830659"
E4_Gsr,"1640870001,964","0,7817847"
E4_Gsr,"1640870002,214","0,7856282"
E4_Gsr,"1640870002,464","0,7817847"
E4_Gsr,"1640870002,714","0,7830659"
E4_Gsr,"1640870002,964","0,7817847"
E4_Gsr,"1640870003,214","0,7830659"
E4_Gsr,"1640870003,464","0,7856282"
E4_Gsr,"1640870003,714","0,7843471"
E4_Gsr,"1640870003,964","0,7869094"
E4_Gsr,"1640870004,214","0,7817847"
E4_Gsr,"1640870004,464","0,7856282"
E4_Gsr,"1640870004,714","0,7830659"
E4_Gsr,"1640870004,964","0,7830659"
E4_Gsr,"1640870005,214","0,7817847"
E4_Gsr,"1640870005,464","0,7805035"
E4_Gsr,"1640870005,714","0,7856282"
E4_Gsr,"1640870005,964","0,7817847"
E4_Gsr,"1640870006,214","0,7792224"
E4_Gsr,"1640870006,464","0,77666"
E4_Gsr,"1640870006,714","0,7779412"
E4_Gsr,"1640870006,964","0,7753788"
E4_Gsr,"1640870007,214","0,7753788"
E4_Gsr,"1640870007,464","0,7753788"
E4_Gsr,"1640870007,714","0,7779412"
E4_Gsr,"1640870007,964","0,7753788"
E4_Gsr,"1640870008,214","0,7792224"
E4_Gsr,"1640870008,464","0,7740976"
E4_Gsr,"1640870008,714","0,7715353"
E4_Gsr,"1640870008,964","0,7702541"
E4_Gsr,"1640870009,214","0,77666"
E4_Gsr,"1640870009,464","0,7753788"
E4_Gsr,"1640870009,714","0,7715353"
E4_Gsr,"1640870009,964","0,7792224"
E4_Gsr,"1640870010,214","0,7740976"
E4_Gsr,"1640870010,464","0,7792224"
E4_Gsr,"1640870010,714","0,7779412"
E4_Gsr,"1640870010,964","0,7740976"
E4_Gsr,"1640870011,214","0,7715353"
E4_Gsr,"1640870011,464","0,7702541"
E4_Gsr,"1640870011,714","0,7753788"
E4_Gsr,"1640870011,964","0,7740976"
E4_Gsr,"1640870012,214","0,7740976"
E4_Gsr,"1640870012,464","0,7715353"
E4_Gsr,"1640870012,714","0,7715353"
E4_Gsr,"1640870012,964","0,7702541"
E4_Gsr,"1640870013,214","0,7689729"
E4_Gsr,"1640870013,464","0,7740976"
E4_Gsr,"1640870013,714","0,7728165"
E4_Gsr,"1640870013,964","0,7728165"
E4_Gsr,"1640870014,214","0,7740976"
E4_Gsr,"1640870014,464","0,7702541"
E4_Gsr,"1640870014,714","0,7740976"
E4_Gsr,"1640870014,964","0,7715353"
E4_Gsr,"1640870015,214","0,7676917"
E4_Gsr,"1640870015,464","0,7689729"
E4_Gsr,"1640870015,714","0,7664106"
E4_Gsr,"1640870015,964","0,7702541"
E4_Gsr,"1640870016,214","0,7676917"
E4_Gsr,"1640870016,464","0,7638482"
E4_Gsr,"1640870016,714","0,7651294"
E4_Gsr,"1640870016,964","0,7638482"
E4_Gsr,"1640870017,214","0,7664106"
E4_Gsr,"1640870017,464","0,7638482"
E4_Gsr,"1640870017,714","0,7664106"
E4_Gsr,"1640870017,964","0,7612858"
E4_Gsr,"1640870018,214","0,7574424"
E4_Gsr,"1640870018,464","0,7587235"
E4_Gsr,"1640870018,714","0,7587235"
E4_Gsr,"1640870018,964","0,762567"
E4_Gsr,"1640870019,214","0,762567"
E4_Gsr,"1640870019,464","0,7587235"
E4_Gsr,"1640870019,714","0,7587235"
E4_Gsr,"1640870019,964","0,7612858"
E4_Gsr,"1640870020,214","0,7612858"
E4_Gsr,"1640870020,464","0,7574424"
E4_Gsr,"1640870020,714","0,762567"
E4_Gsr,"1640870020,964","0,7587235"
E4_Gsr,"1640870021,214","0,7561612"
E4_Gsr,"1640870021,464","0,75488"
E4_Gsr,"1640870021,714","0,7561612"
E4_Gsr,"1640870021,964","0,7600047"
E4_Gsr,"1640870022,214","0,7587235"
E4_Gsr,"1640870022,464","0,7587235"
E4_Gsr,"1640870022,714","0,7600047"
E4_Gsr,"1640870022,964","0,7612858"
E4_Gsr,"1640870023,214","0,7612858"
E4_Gsr,"1640870023,464","0,7574424"
E4_Gsr,"1640870023,714","0,7600047"
E4_Gsr,"1640870023,964","0,7651294"
E4_Gsr,"1640870024,214","0,7587235"
E4_Gsr,"1640870024,464","0,7638482"
E4_Gsr,"1640870024,714","0,7587235"
E4_Gsr,"1640870024,964","0,7612858"
E4_Gsr,"1640870025,214","0,7561612"
E4_Gsr,"1640870025,464","0,7612858"
E4_Gsr,"1640870025,714","0,7574424"
E4_Gsr,"1640870025,964","0,75488"
E4_Gsr,"1640870026,214","0,7574424"
E4_Gsr,"1640870026,464","0,7587235"
E4_Gsr,"1640870026,714","0,7587235"
E4_Gsr,"1640870026,964","0,7600047"
E4_Gsr,"1640870027,214","0,7600047"
E4_Gsr,"1640870027,464","0,7574424"
E4_Gsr,"1640870027,714","0,7574424"
E4_Gsr,"1640870027,964","0,7561612"
E4_Gsr,"1640870028,214","0,75488"
E4_Gsr,"1640870028,464","0,7587235"
E4_Gsr,"1640870028,714","0,7561612"
E4_Gsr,"1640870028,964","0,7523176"
E4_Gsr,"1640870029,214","0,7523176"
E4_Gsr,"1640870029,464","0,7497553"
E4_Gsr,"1640870029,714","0,75488"
E4_Gsr,"1640870029,964","0,7510365"
E4_Gsr,"1640870030,214","0,7510365"
E4_Gsr,"1640870030,464","0,75488"
E4_Gsr,"1640870030,714","0,7497553"
E4_Gsr,"1640870030,964","0,7523176"
E4_Gsr,"1640870031,214","0,7497553"
E4_Gsr,"1640870031,464","0,75488"
E4_Gsr,"1640870031,714","0,7523176"
E4_Gsr,"1640870031,964","0,7510365"
E4_Gsr,"1640870032,214","0,7484741"
E4_Gsr,"1640870032,464","0,7484741"
E4_Gsr,"1640870032,714","0,7510365"
E4_Gsr,"1640870032,964","0,7510365"
E4_Gsr,"1640870033,214","0,7497553"
E4_Gsr,"1640870033,464","0,7535988"
E4_Gsr,"1640870033,714","0,7484741"
E4_Gsr,"1640870033,964","0,7523176"
E4_Gsr,"1640870034,214","0,7484741"
E4_Gsr,"1640870034,464","0,7497553"
E4_Gsr,"1640870034,714","0,7497553"
E4_Gsr,"1640870034,964","0,7471929"
E4_Gsr,"1640870035,214","0,7523176"
E4_Gsr,"1640870035,464","0,7471929"
E4_Gsr,"1640870035,714","0,7471929"
E4_Gsr,"1640870035,964","0,7471929"
E4_Gsr,"1640870036,214","0,7484741"
E4_Gsr,"1640870036,464","0,7459118"
E4_Gsr,"1640870036,714","0,7459118"
E4_Gsr,"1640870036,964","0,7459118"
E4_Gsr,"1640870037,214","0,7471929"
E4_Gsr,"1640870037,464","0,7497553"
E4_Gsr,"1640870037,714","0,7446306"
E4_Gsr,"1640870037,964","0,7446306"
E4_Gsr,"1640870038,214","0,7433494"
E4_Gsr,"1640870038,464","0,7420682"
E4_Gsr,"1640870038,714","0,740787"
E4_Gsr,"1640870038,964","0,7420682"
E4_Gsr,"1640870039,214","0,7433494"
E4_Gsr,"1640870039,464","0,7395059"
E4_Gsr,"1640870039,714","0,7382247"
E4_Gsr,"1640870039,964","0,7446306"
E4_Gsr,"1640870040,214","0,7395059"
E4_Gsr,"1640870040,464","0,7459118"
E4_Gsr,"1640870040,714","0,7395059"
E4_Gsr,"1640870040,964","0,7433494"
E4_Gsr,"1640870041,214","0,7433494"
E4_Gsr,"1640870041,464","0,740787"
E4_Gsr,"1640870041,714","0,7433494"
E4_Gsr,"1640870041,964","0,740787"
E4_Gsr,"1640870042,214","0,7446306"
E4_Gsr,"1640870042,464","0,740787"
E4_Gsr,"1640870042,714","0,7420682"
E4_Gsr,"1640870042,964","0,7446306"
E4_Gsr,"1640870043,214","0,7395059"
E4_Gsr,"1640870043,464","0,7395059"
E4_Gsr,"1640870043,714","0,7369435"
E4_Gsr,"1640870043,964","0,7395059"
E4_Gsr,"1640870044,214","0,7382247"
E4_Gsr,"1640870044,464","0,7369435"
E4_Gsr,"1640870044,714","0,7382247"
E4_Gsr,"1640870044,964","0,740787"
E4_Gsr,"1640870045,214","0,7433494"
E4_Gsr,"1640870045,464","0,7395059"
E4_Gsr,"1640870045,714","0,7382247"
E4_Gsr,"1640870045,964","0,7420682"
E4_Gsr,"1640870046,214","0,7369435"
E4_Gsr,"1640870046,464","0,7369435"
E4_Gsr,"1640870046,714","0,7356623"
E4_Gsr,"1640870046,964","0,7382247"
E4_Gsr,"1640870047,214","0,7395059"
E4_Gsr,"1640870047,464","0,7369435"
E4_Gsr,"1640870047,714","0,7369435"
E4_Gsr,"1640870047,964","0,7356623"
E4_Gsr,"1640870048,214","0,7395059"
E4_Gsr,"1640870048,464","0,7395059"
E4_Gsr,"1640870048,714","0,7382247"
E4_Gsr,"1640870048,964","0,7356623"
E4_Gsr,"1640870049,214","0,7343811"
E4_Gsr,"1640870049,464","0,7331"
E4_Gsr,"1640870049,714","0,7305377"
E4_Gsr,"1640870049,964","0,7343811"
E4_Gsr,"1640870050,214","0,7305377"
E4_Gsr,"1640870050,464","0,7305377"
E4_Gsr,"1640870050,714","0,7279752"
E4_Gsr,"1640870050,964","0,7254129"
E4_Gsr,"1640870051,214","0,7318188"
E4_Gsr,"1640870051,464","0,7305377"
E4_Gsr,"1640870051,714","0,7343811"
E4_Gsr,"1640870051,964","0,7305377"
E4_Gsr,"1640870052,214","0,7305377"
E4_Gsr,"1640870052,464","0,7343811"
E4_Gsr,"1640870052,714","0,7343811"
E4_Gsr,"1640870052,964","0,7343811"
E4_Gsr,"1640870053,214","0,7318188"
E4_Gsr,"1640870053,464","0,7343811"
E4_Gsr,"1640870053,714","0,7318188"
E4_Gsr,"1640870053,964","0,7305377"
E4_Gsr,"1640870054,214","0,7305377"
E4_Gsr,"1640870054,464","0,7279752"
E4_Gsr,"1640870054,714","0,7305377"
E4_Gsr,"1640870054,964","0,7305377"
E4_Gsr,"1640870055,214","0,7279752"
E4_Gsr,"1640870055,464","0,7279752"
E4_Gsr,"1640870055,714","0,7228506"
E4_Gsr,"1640870055,964","0,7254129"
E4_Gsr,"1640870056,214","0,7228506"
E4_Gsr,"1640870056,464","0,7254129"
E4_Gsr,"1640870056,714","0,7202882"
E4_Gsr,"1640870056,964","0,7215694"
E4_Gsr,"1640870057,214","0,7215694"
E4_Gsr,"1640870057,464","0,7215694"
E4_Gsr,"1640870057,714","0,7215694"
E4_Gsr,"1640870057,964","0,719007"
E4_Gsr,"1640870058,214","0,7215694"
E4_Gsr,"1640870058,464","0,7202882"
E4_Gsr,"1640870058,714","0,7202882"
E4_Gsr,"1640870058,964","0,7215694"
E4_Gsr,"1640870059,214","0,7254129"
E4_Gsr,"1640870059,464","0,7241318"
E4_Gsr,"1640870059,714","0,7241318"
E4_Gsr,"1640870059,964","0,7254129"
E4_Gsr,"1640870060,214","0,7228506"
E4_Gsr,"1640870060,464","0,7254129"
E4_Gsr,"1640870060,714","0,7266941"
E4_Gsr,"1640870060,964","0,7241318"
E4_Gsr,"1640870061,214","0,7279752"
E4_Gsr,"1640870061,464","0,7292565"
E4_Gsr,"1640870061,714","0,7266941"
E4_Gsr,"1640870061,964","0,7305377"
E4_Gsr,"1640870062,214","0,7356623"
E4_Gsr,"1640870062,464","0,740787"
E4_Gsr,"1640870062,714","0,7433494"
E4_Gsr,"1640870062,964","0,7561612"
E4_Gsr,"1640870063,214","0,7587235"
E4_Gsr,"1640870063,464","0,762567"
E4_Gsr,"1640870063,714","0,7676917"
E4_Gsr,"1640870063,964","0,7689729"
E4_Gsr,"1640870064,214","0,77666"
E4_Gsr,"1640870064,464","0,7728165"
E4_Gsr,"1640870064,714","0,7728165"
E4_Gsr,"1640870064,964","0,77666"
E4_Gsr,"1640870065,214","0,7715353"
E4_Gsr,"1640870065,464","0,7728165"
E4_Gsr,"1640870065,714","0,7740976"
E4_Gsr,"1640870065,964","0,7805035"
E4_Gsr,"1640870066,214","0,7817847"
E4_Gsr,"1640870066,464","0,77666"
E4_Gsr,"1640870066,714","0,7740976"
E4_Gsr,"1640870066,964","0,7779412"
E4_Gsr,"1640870067,214","0,7805035"
E4_Gsr,"1640870067,464","0,7830659"
E4_Gsr,"1640870067,714","0,7792224"
E4_Gsr,"1640870067,964","0,7792224"
E4_Gsr,"1640870068,214","0,7779412"
E4_Gsr,"1640870068,464","0,7779412"
E4_Gsr,"1640870068,714","0,7779412"
E4_Gsr,"1640870068,964","0,7817847"
E4_Gsr,"1640870069,214","0,7817847"
E4_Gsr,"1640870069,464","0,77666"
E4_Gsr,"1640870069,714","0,7753788"
E4_Gsr,"1640870069,964","0,7728165"
E4_Gsr,"1640870070,214","0,7728165"
E4_Gsr,"1640870070,464","0,7740976"
E4_Gsr,"1640870070,714","0,7753788"
E4_Gsr,"1640870070,964","0,7740976"
E4_Gsr,"1640870071,214","0,7728165"
E4_Gsr,"1640870071,464","0,7728165"
E4_Gsr,"1640870071,714","0,7702541"
E4_Gsr,"1640870071,964","0,7715353"
E4_Gsr,"1640870072,214","0,7702541"
E4_Gsr,"1640870072,464","0,7715353"
E4_Gsr,"1640870072,714","0,7702541"
E4_Gsr,"1640870072,964","0,7664106"
E4_Gsr,"1640870073,214","0,7638482"
E4_Gsr,"1640870073,464","0,762567"
E4_Gsr,"1640870073,714","0,762567"
E4_Gsr,"1640870073,964","0,7587235"
E4_Gsr,"1640870074,214","0,762567"
E4_Gsr,"1640870074,464","0,7600047"
E4_Gsr,"1640870074,714","0,7587235"
E4_Gsr,"1640870074,964","0,762567"
E4_Gsr,"1640870075,214","0,762567"
E4_Gsr,"1640870075,464","0,762567"
E4_Gsr,"1640870075,714","0,7600047"
E4_Gsr,"1640870075,964","0,762567"
E4_Gsr,"1640870076,214","0,7612858"
E4_Gsr,"1640870076,464","0,7600047"
E4_Gsr,"1640870076,714","0,7561612"
E4_Gsr,"1640870076,964","0,7574424"
E4_Gsr,"1640870077,214","0,7600047"
E4_Gsr,"1640870077,464","0,7587235"
E4_Gsr,"1640870077,714","0,7600047"
E4_Gsr,"1640870077,964","0,7612858"
E4_Gsr,"1640870078,214","0,7587235"
E4_Gsr,"1640870078,464","0,7612858"
E4_Gsr,"1640870078,714","0,7561612"
E4_Gsr,"1640870078,964","0,7561612"
E4_Gsr,"1640870079,214","0,7535988"
E4_Gsr,"1640870079,464","0,7600047"
E4_Gsr,"1640870079,714","0,7574424"
E4_Gsr,"1640870079,964","0,75488"
E4_Gsr,"1640870080,214","0,7561612"
E4_Gsr,"1640870080,464","0,7574424"
E4_Gsr,"1640870080,714","0,7600047"
E4_Gsr,"1640870080,964","0,75488"
E4_Gsr,"1640870081,214","0,75488"
E4_Gsr,"1640870081,464","0,7561612"
E4_Gsr,"1640870081,714","0,7561612"
E4_Gsr,"1640870081,964","0,7587235"
E4_Gsr,"1640870082,214","0,7612858"
E4_Gsr,"1640870082,464","0,7574424"
E4_Gsr,"1640870082,714","0,75488"
E4_Gsr,"1640870082,964","0,7510365"
E4_Gsr,"1640870083,214","0,7535988"
E4_Gsr,"1640870083,464","0,7523176"
E4_Gsr,"1640870083,714","0,7510365"
E4_Gsr,"1640870083,964","0,7497553"
E4_Gsr,"1640870084,214","0,7510365"
E4_Gsr,"1640870084,464","0,7497553"
E4_Gsr,"1640870084,714","0,7510365"
E4_Gsr,"1640870084,964","0,7510365"
E4_Gsr,"1640870085,214","0,7523176"
E4_Gsr,"1640870085,464","0,762567"
E4_Gsr,"1640870085,714","0,7561612"
E4_Gsr,"1640870085,964","0,7638482"
E4_Gsr,"1640870086,214","0,762567"
E4_Gsr,"1640870086,464","0,7587235"
E4_Gsr,"1640870086,714","0,7574424"
E4_Gsr,"1640870086,964","0,75488"
E4_Gsr,"1640870087,214","0,7612858"
E4_Gsr,"1640870087,464","0,7574424"
E4_Gsr,"1640870087,714","0,75488"
E4_Gsr,"1640870087,964","0,7587235"
E4_Gsr,"1640870088,214","0,75488"
E4_Gsr,"1640870088,464","0,7587235"
E4_Gsr,"1640870088,714","0,75488"
E4_Gsr,"1640870088,964","0,7587235"
E4_Gsr,"1640870089,214","0,7561612"
E4_Gsr,"1640870089,464","0,7523176"
E4_Gsr,"1640870089,714","0,7523176"
E4_Gsr,"1640870089,964","0,7497553"
E4_Gsr,"1640870090,214","0,7535988"
E4_Gsr,"1640870090,464","0,7497553"
E4_Gsr,"1640870090,714","0,75488"
E4_Gsr,"1640870090,964","0,7510365"
E4_Gsr,"1640870091,214","0,7497553"
E4_Gsr,"1640870091,464","0,7561612"
E4_Gsr,"1640870091,714","0,7497553"
E4_Gsr,"1640870091,964","0,7561612"
E4_Gsr,"1640870092,214","0,7561612"
E4_Gsr,"1640870092,464","0,7523176"
E4_Gsr,"1640870092,714","0,7497553"
E4_Gsr,"1640870092,964","0,7471929"
E4_Gsr,"1640870093,214","0,7523176"
E4_Gsr,"1640870093,464","0,7471929"
E4_Gsr,"1640870093,714","0,7523176"
E4_Gsr,"1640870093,964","0,7535988"
E4_Gsr,"1640870094,214","0,7510365"
E4_Gsr,"1640870094,464","0,7561612"
E4_Gsr,"1640870094,714","0,7561612"
E4_Gsr,"1640870094,964","0,7638482"
E4_Gsr,"1640870095,214","0,762567"
E4_Gsr,"1640870095,464","0,7651294"
E4_Gsr,"1640870095,714","0,7664106"
E4_Gsr,"1640870095,964","0,7715353"
E4_Gsr,"1640870096,214","0,7689729"
E4_Gsr,"1640870096,464","0,7689729"
E4_Gsr,"1640870096,714","0,7728165"
E4_Gsr,"1640870096,964","0,7715353"
E4_Gsr,"1640870097,214","0,7689729"
E4_Gsr,"1640870097,464","0,7715353"
E4_Gsr,"1640870097,714","0,7651294"
E4_Gsr,"1640870097,964","0,7676917"
E4_Gsr,"1640870098,214","0,7664106"
E4_Gsr,"1640870098,464","0,7728165"
E4_Gsr,"1640870098,714","0,7689729"
E4_Gsr,"1640870098,964","0,7664106"
E4_Gsr,"1640870099,214","0,7676917"
E4_Gsr,"1640870099,464","0,7676917"
E4_Gsr,"1640870099,714","0,7664106"
E4_Gsr,"1640870099,964","0,7638482"
E4_Gsr,"1640870100,214","0,7715353"
E4_Gsr,"1640870100,464","0,7676917"
E4_Gsr,"1640870100,714","0,762567"
E4_Gsr,"1640870100,964","0,762567"
E4_Gsr,"1640870101,214","0,762567"
E4_Gsr,"1640870101,464","0,762567"
E4_Gsr,"1640870101,714","0,762567"
E4_Gsr,"1640870101,964","0,7676917"
E4_Gsr,"1640870102,214","0,7638482"
E4_Gsr,"1640870102,464","0,762567"
E4_Gsr,"1640870102,714","0,7664106"
E4_Gsr,"1640870102,964","0,7638482"
E4_Gsr,"1640870103,214","0,7689729"
E4_Gsr,"1640870103,464","0,7638482"
E4_Gsr,"1640870103,714","0,7689729"
E4_Gsr,"1640870103,964","0,7651294"
E4_Gsr,"1640870104,214","0,7638482"
E4_Gsr,"1640870104,464","0,7651294"
E4_Gsr,"1640870104,714","0,762567"
E4_Gsr,"1640870104,964","0,7676917"
E4_Gsr,"1640870105,214","0,7689729"
E4_Gsr,"1640870105,464","0,7664106"
E4_Gsr,"1640870105,714","0,762567"
E4_Gsr,"1640870105,964","0,7561612"
E4_Gsr,"1640870106,214","0,7561612"
E4_Gsr,"1640870106,464","0,7561612"
E4_Gsr,"1640870106,714","0,7612858"
E4_Gsr,"1640870106,964","0,7638482"
E4_Gsr,"1640870107,214","0,7676917"
E4_Gsr,"1640870107,464","0,7702541"
E4_Gsr,"1640870107,714","0,7676917"
E4_Gsr,"1640870107,964","0,7740976"
E4_Gsr,"1640870108,214","0,7689729"
E4_Gsr,"1640870108,464","0,7728165"
E4_Gsr,"1640870108,714","0,7715353"
E4_Gsr,"1640870108,964","0,7728165"
E4_Gsr,"1640870109,214","0,7740976"
E4_Gsr,"1640870109,464","0,7702541"
E4_Gsr,"1640870109,714","0,7753788"
E4_Gsr,"1640870109,964","0,7702541"
E4_Gsr,"1640870110,214","0,7651294"
E4_Gsr,"1640870110,464","0,7638482"
E4_Gsr,"1640870110,714","0,7612858"
E4_Gsr,"1640870110,964","0,7676917"
E4_Gsr,"1640870111,214","0,762567"
E4_Gsr,"1640870111,464","0,7587235"
E4_Gsr,"1640870111,714","0,7612858"
E4_Gsr,"1640870111,964","0,7600047"
E4_Gsr,"1640870112,214","0,7638482"
E4_Gsr,"1640870112,464","0,762567"
E4_Gsr,"1640870112,714","0,7689729"
E4_Gsr,"1640870112,964","0,7651294"
E4_Gsr,"1640870113,214","0,7651294"
E4_Gsr,"1640870113,464","0,762567"
E4_Gsr,"1640870113,714","0,762567"
E4_Gsr,"1640870113,964","0,7651294"
E4_Gsr,"1640870114,214","0,7676917"
E4_Gsr,"1640870114,464","0,7651294"
E4_Gsr,"1640870114,714","0,7612858"
E4_Gsr,"1640870114,964","0,762567"
E4_Gsr,"1640870115,214","0,7612858"
E4_Gsr,"1640870115,464","0,7638482"
E4_Gsr,"1640870115,714","0,7638482"
E4_Gsr,"1640870115,964","0,762567"
E4_Gsr,"1640870116,214","0,762567"
E4_Gsr,"1640870116,464","0,7587235"
E4_Gsr,"1640870116,714","0,7587235"
E4_Gsr,"1640870116,964","0,7587235"
E4_Gsr,"1640870117,214","0,7574424"
E4_Gsr,"1640870117,464","0,7600047"
E4_Gsr,"1640870117,714","0,7587235"
E4_Gsr,"1640870117,964","0,7638482"
E4_Gsr,"1640870118,214","0,7587235"
E4_Gsr,"1640870118,464","0,762567"
E4_Gsr,"1640870118,714","0,762567"
E4_Gsr,"1640870118,964","0,7600047"
E4_Gsr,"1640870119,214","0,7600047"
E4_Gsr,"1640870119,464","0,7574424"
E4_Gsr,"1640870119,714","0,7574424"
E4_Gsr,"1640870119,964","0,762567"
E4_Gsr,"1640870120,214","0,7600047"
E4_Gsr,"1640870120,464","0,7574424"
E4_Gsr,"1640870120,714","0,7574424"
E4_Gsr,"1640870120,964","0,7523176"
E4_Gsr,"1640870121,214","0,7535988"
E4_Gsr,"1640870121,464","0,7510365"
E4_Gsr,"1640870121,714","0,7497553"
E4_Gsr,"1640870121,964","0,7561612"
E4_Gsr,"1640870122,214","0,75488"
E4_Gsr,"1640870122,464","0,7587235"
E4_Gsr,"1640870122,714","0,7535988"
E4_Gsr,"1640870122,964","0,7587235"
E4_Gsr,"1640870123,214","0,7574424"
E4_Gsr,"1640870123,464","0,7561612"
E4_Gsr,"1640870123,714","0,7574424"
E4_Gsr,"1640870123,964","0,7574424"
E4_Gsr,"1640870124,214","0,762567"
E4_Gsr,"1640870124,464","0,7600047"
E4_Gsr,"1640870124,714","0,7600047"
E4_Gsr,"1640870124,964","0,7574424"
E4_Gsr,"1640870125,214","0,7587235"
E4_Gsr,"1640870125,464","0,7574424"
E4_Gsr,"1640870125,714","0,7587235"
E4_Gsr,"1640870125,964","0,7587235"
E4_Gsr,"1640870126,214","0,7535988"
E4_Gsr,"1640870126,464","0,75488"
E4_Gsr,"1640870126,714","0,7523176"
E4_Gsr,"1640870126,964","0,7535988"
E4_Gsr,"1640870127,214","0,7497553"
E4_Gsr,"1640870127,464","0,7574424"
E4_Gsr,"1640870127,714","0,7510365"
E4_Gsr,"1640870127,964","0,7561612"
E4_Gsr,"1640870128,214","0,75488"
E4_Gsr,"1640870128,464","0,7523176"
E4_Gsr,"1640870128,714","0,7510365"
E4_Gsr,"1640870128,964","0,7561612"
E4_Gsr,"1640870129,214","0,75488"
E4_Gsr,"1640870129,464","0,75488"
E4_Gsr,"1640870129,714","0,7612858"
E4_Gsr,"1640870129,964","0,7612858"
E4_Gsr,"1640870130,214","0,762567"
E4_Gsr,"1640870130,464","0,7612858"
E4_Gsr,"1640870130,714","0,7600047"
E4_Gsr,"1640870130,964","0,7561612"
E4_Gsr,"1640870131,214","0,7612858"
E4_Gsr,"1640870131,464","0,7600047"
E4_Gsr,"1640870131,714","0,7561612"
E4_Gsr,"1640870131,964","0,7587235"
E4_Gsr,"1640870132,214","0,7574424"
E4_Gsr,"1640870132,464","0,75488"
E4_Gsr,"1640870132,714","0,7574424"
E4_Gsr,"1640870132,964","0,75488"
E4_Gsr,"1640870133,214","0,7561612"
E4_Gsr,"1640870133,464","0,7587235"
E4_Gsr,"1640870133,714","0,75488"
E4_Gsr,"1640870133,964","0,7523176"
E4_Gsr,"1640870134,214","0,7574424"
E4_Gsr,"1640870134,464","0,7510365"
E4_Gsr,"1640870134,714","0,7523176"
E4_Gsr,"1640870134,964","0,7523176"
E4_Gsr,"1640870135,214","0,7497553"
E4_Gsr,"1640870135,464","0,7535988"
E4_Gsr,"1640870135,714","0,7523176"
E4_Gsr,"1640870135,964","0,7523176"
E4_Gsr,"1640870136,214","0,7484741"
E4_Gsr,"1640870136,464","0,7497553"
E4_Gsr,"1640870136,714","0,7471929"
E4_Gsr,"1640870136,964","0,7459118"
E4_Gsr,"1640870137,214","0,7484741"
E4_Gsr,"1640870137,464","0,7446306"
E4_Gsr,"1640870137,714","0,7459118"
E4_Gsr,"1640870137,964","0,7471929"
E4_Gsr,"1640870138,214","0,7497553"
E4_Gsr,"1640870138,464","0,7433494"
E4_Gsr,"1640870138,714","0,7471929"
E4_Gsr,"1640870138,964","0,7459118"
E4_Gsr,"1640870139,214","0,7433494"
E4_Gsr,"1640870139,464","0,7446306"
E4_Gsr,"1640870139,714","0,7459118"
E4_Gsr,"1640870139,964","0,7510365"
E4_Gsr,"1640870140,214","0,7484741"
E4_Gsr,"1640870140,464","0,7535988"
E4_Gsr,"1640870140,714","0,7510365"
E4_Gsr,"1640870140,964","0,7484741"
E4_Gsr,"1640870141,214","0,7471929"
E4_Gsr,"1640870141,464","0,7471929"
E4_Gsr,"1640870141,714","0,7471929"
E4_Gsr,"1640870141,964","0,7638482"
E4_Gsr,"1640870142,214","0,7484741"
E4_Gsr,"1640870142,464","0,7459118"
E4_Gsr,"1640870142,714","0,7433494"
E4_Gsr,"1640870142,964","0,7497553"
E4_Gsr,"1640870143,214","0,7446306"
E4_Gsr,"1640870143,464","0,7459118"
E4_Gsr,"1640870143,714","0,7433494"
E4_Gsr,"1640870143,964","0,7459118"
E4_Gsr,"1640870144,214","0,7433494"
E4_Gsr,"1640870144,464","0,7459118"
E4_Gsr,"1640870144,714","0,7471929"
E4_Gsr,"1640870144,964","0,7420682"
E4_Gsr,"1640870145,214","0,7459118"
E4_Gsr,"1640870145,464","0,740787"
E4_Gsr,"1640870145,714","0,7446306"
E4_Gsr,"1640870145,964","0,7420682"
E4_Gsr,"1640870146,214","0,7471929"
E4_Gsr,"1640870146,464","0,7471929"
E4_Gsr,"1640870146,714","0,7433494"
E4_Gsr,"1640870146,964","0,7446306"
E4_Gsr,"1640870147,214","0,7446306"
E4_Gsr,"1640870147,464","0,7459118"
E4_Gsr,"1640870147,714","0,7420682"
E4_Gsr,"1640870147,964","0,7395059"
E4_Gsr,"1640870148,214","0,7420682"
E4_Gsr,"1640870148,464","0,7395059"
E4_Gsr,"1640870148,714","0,740787"
E4_Gsr,"1640870148,964","0,7395059"
E4_Gsr,"1640870149,214","0,740787"
E4_Gsr,"1640870149,464","0,7395059"
E4_Gsr,"1640870149,714","0,7471929"
E4_Gsr,"1640870149,964","0,7433494"
E4_Gsr,"1640870150,214","0,7446306"
E4_Gsr,"1640870150,464","0,7484741"
E4_Gsr,"1640870150,714","0,7420682"
E4_Gsr,"1640870150,964","0,740787"
E4_Gsr,"1640870151,214","0,740787"
E4_Gsr,"1640870151,464","0,7433494"
E4_Gsr,"1640870151,714","0,7420682"
E4_Gsr,"1640870151,964","0,7433494"
E4_Gsr,"1640870152,214","0,7382247"
E4_Gsr,"1640870152,464","0,7420682"
E4_Gsr,"1640870152,714","0,7395059"
E4_Gsr,"1640870152,964","0,7395059"
E4_Gsr,"1640870153,214","0,740787"
E4_Gsr,"1640870153,464","0,740787"
E4_Gsr,"1640870153,714","0,7395059"
E4_Gsr,"1640870153,964","0,7382247"
E4_Gsr,"1640870154,214","0,7433494"
E4_Gsr,"1640870154,464","0,740787"
E4_Gsr,"1640870154,714","0,7382247"
E4_Gsr,"1640870154,964","0,7433494"
E4_Gsr,"1640870155,214","0,740787"
E4_Gsr,"1640870155,464","0,7420682"
E4_Gsr,"1640870155,714","0,7395059"
E4_Gsr,"1640870155,964","0,740787"
E4_Gsr,"1640870156,214","0,7420682"
E4_Gsr,"1640870156,464","0,7420682"
E4_Gsr,"1640870156,714","0,740787"
E4_Gsr,"1640870156,964","0,7395059"
E4_Gsr,"1640870157,214","0,7382247"
E4_Gsr,"1640870157,464","0,7420682"
E4_Gsr,"1640870157,714","0,740787"
E4_Gsr,"1640870157,964","0,7369435"
E4_Gsr,"1640870158,214","0,7420682"
E4_Gsr,"1640870158,464","0,740787"
E4_Gsr,"1640870158,714","0,7369435"
E4_Gsr,"1640870158,964","0,7395059"
E4_Gsr,"1640870159,214","0,7420682"
E4_Gsr,"1640870159,464","0,7433494"
E4_Gsr,"1640870159,714","0,740787"
E4_Gsr,"1640870159,964","0,7446306"
E4_Gsr,"1640870160,214","0,7420682"
E4_Gsr,"1640870160,464","0,7433494"
E4_Gsr,"1640870160,714","0,7420682"
E4_Gsr,"1640870160,964","0,7446306"
E4_Gsr,"1640870161,214","0,7446306"
E4_Gsr,"1640870161,464","0,7420682"
E4_Gsr,"1640870161,714","0,7433494"
E4_Gsr,"1640870161,964","0,7471929"
E4_Gsr,"1640870162,214","0,7420682"
E4_Gsr,"1640870162,464","0,7433494"
E4_Gsr,"1640870162,714","0,7446306"
E4_Gsr,"1640870162,964","0,7497553"
E4_Gsr,"1640870163,214","0,7446306"
E4_Gsr,"1640870163,464","0,7510365"
E4_Gsr,"1640870163,714","0,7484741"
E4_Gsr,"1640870163,964","0,7471929"
E4_Gsr,"1640870164,214","0,7484741"
E4_Gsr,"1640870164,464","0,7459118"
E4_Gsr,"1640870164,714","0,7510365"
E4_Gsr,"1640870164,964","0,7535988"
E4_Gsr,"1640870165,214","0,7497553"
E4_Gsr,"1640870165,464","0,75488"
E4_Gsr,"1640870165,714","0,7561612"
E4_Gsr,"1640870165,964","0,762567"
E4_Gsr,"1640870166,214","0,7651294"
E4_Gsr,"1640870166,464","0,7702541"
E4_Gsr,"1640870166,714","0,7702541"
E4_Gsr,"1640870166,964","0,7715353"
E4_Gsr,"1640870167,214","0,77666"
E4_Gsr,"1640870167,464","0,7728165"
E4_Gsr,"1640870167,714","0,77666"
E4_Gsr,"1640870167,964","0,77666"
E4_Gsr,"1640870168,214","0,7830659"
E4_Gsr,"1640870168,464","0,7817847"
E4_Gsr,"1640870168,714","0,7881906"
E4_Gsr,"1640870168,964","0,7843471"
E4_Gsr,"1640870169,214","0,7843471"
E4_Gsr,"1640870169,464","0,8022835"
E4_Gsr,"1640870169,714","0,7830659"
E4_Gsr,"1640870169,964","0,7869094"
E4_Gsr,"1640870170,214","0,7830659"
E4_Gsr,"1640870170,464","0,7805035"
E4_Gsr,"1640870170,714","0,7830659"
E4_Gsr,"1640870170,964","0,7856282"
E4_Gsr,"1640870171,214","0,7817847"
E4_Gsr,"1640870171,464","0,7856282"
E4_Gsr,"1640870171,714","0,7856282"
E4_Gsr,"1640870171,964","0,7843471"
E4_Gsr,"1640870172,214","0,7869094"
E4_Gsr,"1640870172,464","0,7830659"
E4_Gsr,"1640870172,714","0,7856282"
E4_Gsr,"1640870172,964","0,7894717"
E4_Gsr,"1640870173,214","0,7933153"
E4_Gsr,"1640870173,464","0,7907529"
E4_Gsr,"1640870173,714","0,7945965"
E4_Gsr,"1640870173,964","0,7945965"
E4_Gsr,"1640870174,214","0,7945965"
E4_Gsr,"1640870174,464","0,7907529"
E4_Gsr,"1640870174,714","0,7907529"
E4_Gsr,"1640870174,964","0,7971588"
E4_Gsr,"1640870175,214","0,7958776"
E4_Gsr,"1640870175,464","0,7945965"
E4_Gsr,"1640870175,714","0,7933153"
E4_Gsr,"1640870175,964","0,7945965"
E4_Gsr,"1640870176,214","0,7958776"
E4_Gsr,"1640870176,464","0,7945965"
E4_Gsr,"1640870176,714","0,7997212"
E4_Gsr,"1640870176,964","0,79844"
E4_Gsr,"1640870177,214","0,7997212"
E4_Gsr,"1640870177,464","0,7945965"
E4_Gsr,"1640870177,714","0,7920341"
E4_Gsr,"1640870177,964","0,7945965"
E4_Gsr,"1640870178,214","0,7945965"
E4_Gsr,"1640870178,464","0,79844"
E4_Gsr,"1640870178,714","0,7971588"
E4_Gsr,"1640870178,964","0,7958776"
E4_Gsr,"1640870179,214","0,7958776"
E4_Gsr,"1640870179,464","0,7933153"
E4_Gsr,"1640870179,714","0,7920341"
E4_Gsr,"1640870179,964","0,7920341"
E4_Gsr,"1640870180,214","0,7907529"
E4_Gsr,"1640870180,464","0,7920341"
E4_Gsr,"1640870180,714","0,7856282"
E4_Gsr,"1640870180,964","0,7920341"
E4_Gsr,"1640870181,214","0,7881906"
E4_Gsr,"1640870181,464","0,7869094"
E4_Gsr,"1640870181,714","0,7856282"
E4_Gsr,"1640870181,964","0,7920341"
E4_Gsr,"1640870182,214","0,7894717"
E4_Gsr,"1640870182,464","0,7881906"
E4_Gsr,"1640870182,714","0,7907529"
E4_Gsr,"1640870182,964","0,7907529"
E4_Gsr,"1640870183,214","0,7933153"
E4_Gsr,"1640870183,464","0,7894717"
E4_Gsr,"1640870183,714","0,7933153"
E4_Gsr,"1640870183,964","0,7920341"
E4_Gsr,"1640870184,214","0,7907529"
E4_Gsr,"1640870184,464","0,7869094"
E4_Gsr,"1640870184,714","0,7881906"
E4_Gsr,"1640870184,964","0,7907529"
E4_Gsr,"1640870185,214","0,7856282"
E4_Gsr,"1640870185,464","0,7894717"
E4_Gsr,"1640870185,714","0,7881906"
E4_Gsr,"1640870185,964","0,7907529"
E4_Gsr,"1640870186,214","0,7997212"
E4_Gsr,"1640870186,464","0,8048459"
E4_Gsr,"1640870186,714","0,8176576"
E4_Gsr,"1640870186,964","0,8330318"
E4_Gsr,"1640870187,214","0,8407188"
E4_Gsr,"1640870187,464","0,849687"
E4_Gsr,"1640870187,714","0,86378"
E4_Gsr,"1640870187,964","0,8624988"
E4_Gsr,"1640870188,214","0,8535306"
E4_Gsr,"1640870188,464","0,8471247"
E4_Gsr,"1640870188,714","0,8368753"
E4_Gsr,"1640870188,964","0,8279071"
E4_Gsr,"1640870189,214","0,8215012"
E4_Gsr,"1640870189,464","0,8227823"
E4_Gsr,"1640870189,714","0,8163764"
E4_Gsr,"1640870189,964","0,8176576"
E4_Gsr,"1640870190,214","0,812533"
E4_Gsr,"1640870190,464","0,8086894"
E4_Gsr,"1640870190,714","0,8048459"
E4_Gsr,"1640870190,964","0,8022835"
E4_Gsr,"1640870191,214","0,8061271"
E4_Gsr,"1640870191,464","0,8010023"
E4_Gsr,"1640870191,714","0,8022835"
E4_Gsr,"1640870191,964","0,8035647"
E4_Gsr,"1640870192,214","0,7971588"
E4_Gsr,"1640870192,464","0,7933153"
E4_Gsr,"1640870192,714","0,7907529"
E4_Gsr,"1640870192,964","0,7958776"
E4_Gsr,"1640870193,214","0,7933153"
E4_Gsr,"1640870193,464","0,8010023"
E4_Gsr,"1640870193,714","0,8022835"
E4_Gsr,"1640870193,964","0,8035647"
E4_Gsr,"1640870194,214","0,8150953"
E4_Gsr,"1640870194,464","0,8138141"
E4_Gsr,"1640870194,714","0,8163764"
E4_Gsr,"1640870194,964","0,82022"
E4_Gsr,"1640870195,214","0,8279071"
E4_Gsr,"1640870195,464","0,8355941"
E4_Gsr,"1640870195,714","0,8304694"
E4_Gsr,"1640870195,964","0,8279071"
E4_Gsr,"1640870196,214","0,8279071"
E4_Gsr,"1640870196,464","0,8317506"
E4_Gsr,"1640870196,714","0,8279071"
E4_Gsr,"1640870196,964","0,834313"
E4_Gsr,"1640870197,214","0,8330318"
E4_Gsr,"1640870197,464","0,849687"
E4_Gsr,"1640870197,714","0,8573741"
E4_Gsr,"1640870197,964","0,8663424"
E4_Gsr,"1640870198,214","0,8714671"
E4_Gsr,"1640870198,464","0,8676236"
E4_Gsr,"1640870198,714","0,8714671"
E4_Gsr,"1640870198,964","0,8689047"
E4_Gsr,"1640870199,214","0,8650612"
E4_Gsr,"1640870199,464","0,86378"
E4_Gsr,"1640870199,714","0,8624988"
E4_Gsr,"1640870199,964","0,8599365"
E4_Gsr,"1640870200,214","0,8573741"
E4_Gsr,"1640870200,464","0,8612177"
E4_Gsr,"1640870200,714","0,8573741"
E4_Gsr,"1640870200,964","0,8522494"
E4_Gsr,"1640870201,214","0,8535306"
E4_Gsr,"1640870201,464","0,8509682"
E4_Gsr,"1640870201,714","0,8509682"
E4_Gsr,"1640870201,964","0,8522494"
E4_Gsr,"1640870202,214","0,8560929"
E4_Gsr,"1640870202,464","0,842"
E4_Gsr,"1640870202,714","0,8535306"
E4_Gsr,"1640870202,964","0,849687"
E4_Gsr,"1640870203,214","0,8484059"
E4_Gsr,"1640870203,464","0,8471247"
E4_Gsr,"1640870203,714","0,8445624"
E4_Gsr,"1640870203,964","0,8432812"
E4_Gsr,"1640870204,214","0,842"
E4_Gsr,"1640870204,464","0,8445624"
E4_Gsr,"1640870204,714","0,8407188"
E4_Gsr,"1640870204,964","0,842"
E4_Gsr,"1640870205,214","0,8407188"
E4_Gsr,"1640870205,464","0,8381565"
E4_Gsr,"1640870205,714","0,8381565"
E4_Gsr,"1640870205,964","0,8381565"
E4_Gsr,"1640870206,214","0,8381565"
E4_Gsr,"1640870206,464","0,8368753"
E4_Gsr,"1640870206,714","0,842"
E4_Gsr,"1640870206,964","0,842"
E4_Gsr,"1640870207,214","0,8368753"
E4_Gsr,"1640870207,464","0,8445624"
E4_Gsr,"1640870207,714","0,8407188"
E4_Gsr,"1640870207,964","0,8394377"
E4_Gsr,"1640870208,214","0,8394377"
E4_Gsr,"1640870208,464","0,842"
E4_Gsr,"1640870208,714","0,8368753"
E4_Gsr,"1640870208,964","0,8394377"
E4_Gsr,"1640870209,214","0,8330318"
E4_Gsr,"1640870209,464","0,8291882"
E4_Gsr,"1640870209,714","0,8291882"
E4_Gsr,"1640870209,964","0,8304694"
E4_Gsr,"1640870210,214","0,8317506"
E4_Gsr,"1640870210,464","0,8291882"
E4_Gsr,"1640870210,714","0,8330318"
E4_Gsr,"1640870210,964","0,8304694"
E4_Gsr,"1640870211,214","0,8279071"
E4_Gsr,"1640870211,464","0,8304694"
E4_Gsr,"1640870211,714","0,834313"
E4_Gsr,"1640870211,964","0,8407188"
E4_Gsr,"1640870212,214","0,8279071"
E4_Gsr,"1640870212,464","0,8227823"
E4_Gsr,"1640870212,714","0,8227823"
E4_Gsr,"1640870212,964","0,8266259"
E4_Gsr,"1640870213,214","0,8394377"
E4_Gsr,"1640870213,464","0,8381565"
E4_Gsr,"1640870213,714","0,8394377"
E4_Gsr,"1640870213,964","0,8381565"
E4_Gsr,"1640870214,214","0,8355941"
E4_Gsr,"1640870214,464","0,8330318"
E4_Gsr,"1640870214,714","0,8317506"
E4_Gsr,"1640870214,964","0,8240635"
E4_Gsr,"1640870215,214","0,8227823"
E4_Gsr,"1640870215,464","0,8317506"
E4_Gsr,"1640870215,714","0,8381565"
E4_Gsr,"1640870215,964","0,8458436"
E4_Gsr,"1640870216,214","0,8560929"
E4_Gsr,"1640870216,464","0,8663424"
E4_Gsr,"1640870216,714","0,8804353"
E4_Gsr,"1640870216,964","0,8945283"
E4_Gsr,"1640870217,214","0,8983718"
E4_Gsr,"1640870217,464","0,8932471"
E4_Gsr,"1640870217,714","0,8842788"
E4_Gsr,"1640870217,964","0,88556"
E4_Gsr,"1640870218,214","0,8842788"
E4_Gsr,"1640870218,464","0,88556"
E4_Gsr,"1640870218,714","0,8804353"
E4_Gsr,"1640870218,964","0,88556"
E4_Gsr,"1640870219,214","0,8791541"
E4_Gsr,"1640870219,464","0,8791541"
E4_Gsr,"1640870219,714","0,8778729"
E4_Gsr,"1640870219,964","0,8753106"
E4_Gsr,"1640870220,214","0,8804353"
E4_Gsr,"1640870220,464","0,8765918"
E4_Gsr,"1640870220,714","0,8778729"
E4_Gsr,"1640870220,964","0,8740295"
E4_Gsr,"1640870221,214","0,8791541"
E4_Gsr,"1640870221,464","0,8791541"
E4_Gsr,"1640870221,714","0,8740295"
E4_Gsr,"1640870221,964","0,8778729"
E4_Gsr,"1640870222,214","0,8740295"
E4_Gsr,"1640870222,464","0,8727483"
E4_Gsr,"1640870222,714","0,8727483"
E4_Gsr,"1640870222,964","0,8740295"
E4_Gsr,"1640870223,214","0,8714671"
E4_Gsr,"1640870223,464","0,8740295"
E4_Gsr,"1640870223,714","0,8701859"
E4_Gsr,"1640870223,964","0,8701859"
E4_Gsr,"1640870224,214","0,8727483"
E4_Gsr,"1640870224,464","0,8689047"
E4_Gsr,"1640870224,714","0,8676236"
E4_Gsr,"1640870224,964","0,8727483"
E4_Gsr,"1640870225,214","0,8740295"
E4_Gsr,"1640870225,464","0,8701859"
E4_Gsr,"1640870225,714","0,8765918"
E4_Gsr,"1640870225,964","0,8753106"
E4_Gsr,"1640870226,214","0,8701859"
E4_Gsr,"1640870226,464","0,8753106"
E4_Gsr,"1640870226,714","0,8701859"
E4_Gsr,"1640870226,964","0,8727483"
E4_Gsr,"1640870227,214","0,8701859"
E4_Gsr,"1640870227,464","0,8753106"
E4_Gsr,"1640870227,714","0,8701859"
E4_Gsr,"1640870227,964","0,8689047"
E4_Gsr,"1640870228,214","0,8727483"
E4_Gsr,"1640870228,464","0,8714671"
E4_Gsr,"1640870228,714","0,8714671"
E4_Gsr,"1640870228,964","0,8701859"
E4_Gsr,"1640870229,214","0,8689047"
E4_Gsr,"1640870229,464","0,8701859"
E4_Gsr,"1640870229,714","0,8663424"
E4_Gsr,"1640870229,964","0,8791541"
E4_Gsr,"1640870230,214","0,8663424"
E4_Gsr,"1640870230,464","0,8676236"
E4_Gsr,"1640870230,714","0,8624988"
E4_Gsr,"1640870230,964","0,8663424"
E4_Gsr,"1640870231,214","0,8650612"
E4_Gsr,"1640870231,464","0,8624988"
E4_Gsr,"1640870231,714","0,8624988"
E4_Gsr,"1640870231,964","0,8612177"
E4_Gsr,"1640870232,214","0,86378"
E4_Gsr,"1640870232,464","0,8599365"
E4_Gsr,"1640870232,714","0,86378"
E4_Gsr,"1640870232,964","0,8612177"
E4_Gsr,"1640870233,214","0,8612177"
E4_Gsr,"1640870233,464","0,8586553"
E4_Gsr,"1640870233,714","0,8599365"
E4_Gsr,"1640870233,964","0,8599365"
E4_Gsr,"1640870234,214","0,8586553"
E4_Gsr,"1640870234,464","0,8624988"
E4_Gsr,"1640870234,714","0,8599365"
E4_Gsr,"1640870234,964","0,8573741"
E4_Gsr,"1640870235,214","0,8586553"
E4_Gsr,"1640870235,464","0,8586553"
E4_Gsr,"1640870235,714","0,8560929"
E4_Gsr,"1640870235,964","0,8548118"
E4_Gsr,"1640870236,214","0,8586553"
E4_Gsr,"1640870236,464","0,8560929"
E4_Gsr,"1640870236,714","0,8535306"
E4_Gsr,"1640870236,964","0,8573741"
E4_Gsr,"1640870237,214","0,8548118"
E4_Gsr,"1640870237,464","0,8573741"
E4_Gsr,"1640870237,714","0,8509682"
E4_Gsr,"1640870237,964","0,8548118"
E4_Gsr,"1640870238,214","0,8522494"
E4_Gsr,"1640870238,464","0,8560929"
E4_Gsr,"1640870238,714","0,8522494"
E4_Gsr,"1640870238,964","0,8535306"
E4_Gsr,"1640870239,214","0,8548118"
E4_Gsr,"1640870239,464","0,849687"
E4_Gsr,"1640870239,714","0,8548118"
E4_Gsr,"1640870239,964","0,8573741"
E4_Gsr,"1640870240,214","0,8535306"
E4_Gsr,"1640870240,464","0,8509682"
E4_Gsr,"1640870240,714","0,8484059"
E4_Gsr,"1640870240,964","0,8484059"
E4_Gsr,"1640870241,214","0,8471247"
E4_Gsr,"1640870241,464","0,8509682"
E4_Gsr,"1640870241,714","0,849687"
E4_Gsr,"1640870241,964","0,849687"
E4_Gsr,"1640870242,214","0,8471247"
E4_Gsr,"1640870242,464","0,8484059"
E4_Gsr,"1640870242,714","0,8484059"
E4_Gsr,"1640870242,964","0,849687"
E4_Gsr,"1640870243,214","0,849687"
E4_Gsr,"1640870243,464","0,8471247"
E4_Gsr,"1640870243,714","0,8458436"
