ACC,time,x,y,z
E4_Acc,"1641384895,84641",-30,-1,56.0
E4_Acc,"1641384895,87766",-30,-1,56.0
E4_Acc,"1641384895,90892",-29,-1,57.0
E4_Acc,"1641384895,94017",-30,-1,56.0
E4_Acc,"1641384895,97142",-30,-1,56.0
E4_Acc,"1641384896,00267",-29,-1,56.0
E4_Acc,"1641384896,03392",-31,0,56.0
E4_Acc,"1641384896,06517",-31,-1,56.0
E4_Acc,"1641384896,09643",-29,-1,56.0
E4_Acc,"1641384896,12768",-29,-1,56.0
E4_Acc,"1641384896,15893",-30,-1,56.0
E4_Acc,"1641384896,19018",-30,-1,56.0
E4_Acc,"1641384896,22143",-30,-1,56.0
E4_Acc,"1641384896,25268",-29,-1,56.0
E4_Acc,"1641384896,28393",-29,-1,56.0
E4_Acc,"1641384896,31519",-29,-2,56.0
E4_Acc,"1641384896,34644",-31,-1,56.0
E4_Acc,"1641384896,37769",-31,-1,56.0
E4_Acc,"1641384896,40894",-29,0,57.0
E4_Acc,"1641384896,44019",-29,-1,57.0
E4_Acc,"1641384896,47144",-29,-2,56.0
E4_Acc,"1641384896,50269",-28,-1,57.0
E4_Acc,"1641384896,53395",-29,-1,56.0
E4_Acc,"1641384896,5652",-30,-1,56.0
E4_Acc,"1641384896,59645",-29,-1,56.0
E4_Acc,"1641384896,6277",-29,-1,56.0
E4_Acc,"1641384896,65895",-29,-1,56.0
E4_Acc,"1641384896,6902",-29,-1,56.0
E4_Acc,"1641384896,72145",-30,-1,56.0
E4_Acc,"1641384896,75271",-30,-1,56.0
E4_Acc,"1641384896,78396",-29,-1,57.0
E4_Acc,"1641384896,81521",-29,-1,56.0
E4_Acc,"1641384896,84646",-29,-1,57.0
E4_Acc,"1641384896,87771",-30,-1,57.0
E4_Acc,"1641384896,90896",-31,-1,56.0
E4_Acc,"1641384896,94021",-30,0,56.0
E4_Acc,"1641384896,97147",-29,-1,56.0
E4_Acc,"1641384897,00272",-29,-1,56.0
E4_Acc,"1641384897,03397",-29,-1,56.0
E4_Acc,"1641384897,06522",-29,-1,56.0
E4_Acc,"1641384897,09647",-30,0,56.0
E4_Acc,"1641384897,12772",-30,-1,56.0
E4_Acc,"1641384897,15897",-29,-1,57.0
E4_Acc,"1641384897,19023",-29,-1,56.0
E4_Acc,"1641384897,22148",-29,-1,56.0
E4_Acc,"1641384897,25273",-29,-1,56.0
E4_Acc,"1641384897,28398",-30,0,56.0
E4_Acc,"1641384897,31523",-30,-1,56.0
E4_Acc,"1641384897,34648",-29,-1,56.0
E4_Acc,"1641384897,37773",-29,-1,57.0
E4_Acc,"1641384897,40899",-29,-1,56.0
E4_Acc,"1641384897,44024",-29,-1,57.0
E4_Acc,"1641384897,47149",-29,-1,56.0
E4_Acc,"1641384897,50274",-29,-1,56.0
E4_Acc,"1641384897,53399",-31,-1,56.0
E4_Acc,"1641384897,56524",-30,-1,57.0
E4_Acc,"1641384897,59649",-29,-1,56.0
E4_Acc,"1641384897,62775",-29,-2,56.0
E4_Acc,"1641384897,659",-30,-1,56.0
E4_Acc,"1641384897,69025",-31,0,56.0
E4_Acc,"1641384897,7215",-31,0,56.0
E4_Acc,"1641384897,75275",-29,-1,56.0
E4_Acc,"1641384897,784",-30,-1,56.0
E4_Acc,"1641384897,81525",-30,-1,56.0
E4_Acc,"1641384897,84651",-30,-1,56.0
E4_Acc,"1641384897,87776",-30,0,56.0
E4_Acc,"1641384897,90901",-30,0,56.0
E4_Acc,"1641384897,94026",-29,-1,56.0
E4_Acc,"1641384897,97151",-29,-1,56.0
E4_Acc,"1641384898,00276",-29,-1,56.0
E4_Acc,"1641384898,03401",-30,-1,56.0
E4_Acc,"1641384898,06527",-31,0,56.0
E4_Acc,"1641384898,09652",-30,0,56.0
E4_Acc,"1641384898,12777",-29,-1,56.0
E4_Acc,"1641384898,15902",-30,-2,56.0
E4_Acc,"1641384898,19027",-29,-1,56.0
E4_Acc,"1641384898,22152",-29,-1,57.0
E4_Acc,"1641384898,25277",-30,0,56.0
E4_Acc,"1641384898,28403",-30,0,56.0
E4_Acc,"1641384898,31528",-30,-1,56.0
E4_Acc,"1641384898,34653",-29,-2,56.0
E4_Acc,"1641384898,37778",-29,-1,56.0
E4_Acc,"1641384898,40903",-30,-1,56.0
E4_Acc,"1641384898,44028",-31,0,56.0
E4_Acc,"1641384898,47153",-30,0,56.0
E4_Acc,"1641384898,50279",-29,-1,56.0
E4_Acc,"1641384898,53404",-29,-1,56.0
E4_Acc,"1641384898,56529",-29,-1,57.0
E4_Acc,"1641384898,59654",-30,0,56.0
E4_Acc,"1641384898,62779",-30,0,56.0
E4_Acc,"1641384898,65904",-30,0,56.0
E4_Acc,"1641384898,6903",-29,-1,56.0
E4_Acc,"1641384898,72155",-29,-1,56.0
E4_Acc,"1641384898,7528",-29,-1,56.0
E4_Acc,"1641384898,78405",-30,-1,56.0
E4_Acc,"1641384898,8153",-31,0,56.0
E4_Acc,"1641384898,84655",-29,-1,56.0
E4_Acc,"1641384898,8778",-29,-1,57.0
E4_Acc,"1641384898,90906",-29,-1,56.0
E4_Acc,"1641384898,94031",-29,-1,56.0
E4_Acc,"1641384898,97156",-30,0,56.0
E4_Acc,"1641384899,00281",-30,0,56.0
E4_Acc,"1641384899,03406",-30,0,56.0
E4_Acc,"1641384899,06531",-29,-1,56.0
E4_Acc,"1641384899,09656",-29,-1,56.0
E4_Acc,"1641384899,12782",-29,-1,57.0
E4_Acc,"1641384899,15907",-31,0,56.0
E4_Acc,"1641384899,19032",-31,0,56.0
E4_Acc,"1641384899,22157",-30,0,56.0
E4_Acc,"1641384899,25282",-30,-1,56.0
E4_Acc,"1641384899,28407",-29,-1,56.0
E4_Acc,"1641384899,31532",-29,-1,56.0
E4_Acc,"1641384899,34658",-30,0,57.0
E4_Acc,"1641384899,37783",-30,0,56.0
E4_Acc,"1641384899,40908",-29,-1,56.0
E4_Acc,"1641384899,44033",-29,-1,56.0
E4_Acc,"1641384899,47158",-29,-1,56.0
E4_Acc,"1641384899,50283",-30,-1,56.0
E4_Acc,"1641384899,53408",-31,0,56.0
E4_Acc,"1641384899,56534",-29,0,57.0
E4_Acc,"1641384899,59659",-29,-1,56.0
E4_Acc,"1641384899,62784",-29,-1,56.0
E4_Acc,"1641384899,65909",-30,0,56.0
E4_Acc,"1641384899,69034",-30,0,56.0
E4_Acc,"1641384899,72159",-30,0,56.0
E4_Acc,"1641384899,75284",-29,-1,56.0
E4_Acc,"1641384899,7841",-29,-1,56.0
E4_Acc,"1641384899,81535",-29,-1,57.0
E4_Acc,"1641384899,8466",-29,0,56.0
E4_Acc,"1641384899,87785",-31,0,56.0
E4_Acc,"1641384899,9091",-30,0,56.0
E4_Acc,"1641384899,94035",-29,0,57.0
E4_Acc,"1641384899,9716",-29,-1,57.0
E4_Acc,"1641384900,00286",-29,-1,57.0
E4_Acc,"1641384900,03411",-29,0,56.0
E4_Acc,"1641384900,06536",-29,0,56.0
E4_Acc,"1641384900,09661",-29,0,57.0
E4_Acc,"1641384900,12786",-29,0,57.0
E4_Acc,"1641384900,15911",-29,-1,57.0
E4_Acc,"1641384900,19036",-29,0,57.0
E4_Acc,"1641384900,22162",-29,0,56.0
E4_Acc,"1641384900,25287",-29,0,57.0
E4_Acc,"1641384900,28412",-29,0,56.0
E4_Acc,"1641384900,31537",-28,-1,57.0
E4_Acc,"1641384900,34662",-29,0,57.0
E4_Acc,"1641384900,37787",-29,0,57.0
E4_Acc,"1641384900,40912",-29,0,57.0
E4_Acc,"1641384900,44038",-29,0,56.0
E4_Acc,"1641384900,47163",-29,0,56.0
E4_Acc,"1641384900,50288",-29,-1,57.0
E4_Acc,"1641384900,53413",-29,0,57.0
E4_Acc,"1641384900,56538",-29,0,57.0
E4_Acc,"1641384900,59663",-29,0,56.0
E4_Acc,"1641384900,62788",-29,0,57.0
E4_Acc,"1641384900,65914",-29,0,57.0
E4_Acc,"1641384900,69039",-29,0,57.0
E4_Acc,"1641384900,72164",-29,0,57.0
E4_Acc,"1641384900,75289",-29,0,56.0
E4_Acc,"1641384900,78414",-29,0,57.0
E4_Acc,"1641384900,81539",-29,-1,56.0
E4_Acc,"1641384900,84664",-29,-1,56.0
E4_Acc,"1641384900,8779",-29,0,56.0
E4_Acc,"1641384900,90915",-30,0,57.0
E4_Acc,"1641384900,9404",-29,0,57.0
E4_Acc,"1641384900,97165",-28,-1,57.0
E4_Acc,"1641384901,0029",-29,-1,56.0
E4_Acc,"1641384901,03415",-29,0,56.0
E4_Acc,"1641384901,06541",-29,0,57.0
E4_Acc,"1641384901,09666",-29,0,57.0
E4_Acc,"1641384901,12791",-29,-1,57.0
E4_Acc,"1641384901,15916",-29,-1,56.0
E4_Acc,"1641384901,19041",-29,-1,56.0
E4_Acc,"1641384901,22166",-29,0,57.0
E4_Acc,"1641384901,25291",-29,0,57.0
E4_Acc,"1641384901,28417",-29,0,57.0
E4_Acc,"1641384901,31542",-29,-1,57.0
E4_Acc,"1641384901,34667",-29,-1,56.0
E4_Acc,"1641384901,37792",-29,0,57.0
E4_Acc,"1641384901,40917",-29,0,57.0
E4_Acc,"1641384901,44042",-29,0,57.0
E4_Acc,"1641384901,47167",-29,0,57.0
E4_Acc,"1641384901,50293",-28,0,56.0
E4_Acc,"1641384901,53418",-29,0,57.0
E4_Acc,"1641384901,56543",-29,0,56.0
E4_Acc,"1641384901,59668",-29,0,56.0
E4_Acc,"1641384901,62793",-29,0,57.0
E4_Acc,"1641384901,65918",-29,0,57.0
E4_Acc,"1641384901,69043",-29,0,56.0
E4_Acc,"1641384901,72169",-29,0,57.0
E4_Acc,"1641384901,75294",-29,0,56.0
E4_Acc,"1641384901,78419",-29,0,57.0
E4_Acc,"1641384901,81544",-29,0,56.0
E4_Acc,"1641384901,84669",-29,-1,56.0
E4_Acc,"1641384901,87794",-29,0,57.0
E4_Acc,"1641384901,90919",-29,0,56.0
E4_Acc,"1641384901,94045",-29,0,56.0
E4_Acc,"1641384901,9717",-29,0,57.0
E4_Acc,"1641384902,00295",-29,0,57.0
E4_Acc,"1641384902,0342",-29,0,56.0
E4_Acc,"1641384902,06545",-29,0,56.0
E4_Acc,"1641384902,0967",-29,0,57.0
E4_Acc,"1641384902,12795",-29,0,56.0
E4_Acc,"1641384902,15921",-29,0,57.0
E4_Acc,"1641384902,19046",-29,0,57.0
E4_Acc,"1641384902,22171",-29,0,56.0
E4_Acc,"1641384902,25296",-29,0,56.0
E4_Acc,"1641384902,28421",-29,0,56.0
E4_Acc,"1641384902,31546",-29,0,56.0
E4_Acc,"1641384902,34671",-29,0,57.0
E4_Acc,"1641384902,37797",-29,0,56.0
E4_Acc,"1641384902,40922",-29,0,57.0
E4_Acc,"1641384902,44047",-29,0,56.0
E4_Acc,"1641384902,47172",-29,-1,56.0
E4_Acc,"1641384902,50297",-29,0,56.0
E4_Acc,"1641384902,53422",-29,-1,56.0
E4_Acc,"1641384902,56547",-29,0,57.0
E4_Acc,"1641384902,59673",-29,0,56.0
E4_Acc,"1641384902,62798",-30,0,56.0
E4_Acc,"1641384902,65923",-30,0,56.0
E4_Acc,"1641384902,69048",-30,-1,56.0
E4_Acc,"1641384902,72173",-29,0,56.0
E4_Acc,"1641384902,75298",-30,-1,56.0
E4_Acc,"1641384902,78423",-30,0,56.0
E4_Acc,"1641384902,81549",-30,0,56.0
E4_Acc,"1641384902,84674",-29,-1,56.0
E4_Acc,"1641384902,87799",-29,-1,56.0
E4_Acc,"1641384902,90924",-30,0,56.0
E4_Acc,"1641384902,94049",-30,0,56.0
E4_Acc,"1641384902,97174",-30,0,56.0
E4_Acc,"1641384903,00299",-30,-1,56.0
E4_Acc,"1641384903,03425",-30,-1,56.0
E4_Acc,"1641384903,0655",-30,0,56.0
E4_Acc,"1641384903,09675",-30,-1,56.0
E4_Acc,"1641384903,128",-29,-1,56.0
E4_Acc,"1641384903,15925",-30,0,56.0
E4_Acc,"1641384903,1905",-29,-1,56.0
E4_Acc,"1641384903,22176",-30,0,56.0
E4_Acc,"1641384903,25301",-30,0,56.0
E4_Acc,"1641384903,28426",-29,-1,56.0
E4_Acc,"1641384903,31551",-30,-1,56.0
E4_Acc,"1641384903,34676",-30,-1,56.0
E4_Acc,"1641384903,37801",-29,-1,56.0
E4_Acc,"1641384903,40926",-30,-1,56.0
E4_Acc,"1641384903,44052",-30,-1,56.0
E4_Acc,"1641384903,47177",-30,0,56.0
E4_Acc,"1641384903,50302",-29,-1,56.0
E4_Acc,"1641384903,53427",-29,-1,56.0
E4_Acc,"1641384903,56552",-30,0,56.0
E4_Acc,"1641384903,59677",-30,-1,56.0
E4_Acc,"1641384903,62802",-29,-1,56.0
E4_Acc,"1641384903,65928",-30,-1,56.0
E4_Acc,"1641384903,69053",-31,0,56.0
E4_Acc,"1641384903,72178",-30,0,56.0
E4_Acc,"1641384903,75303",-29,-1,56.0
E4_Acc,"1641384903,78428",-30,-1,56.0
E4_Acc,"1641384903,81553",-30,0,56.0
E4_Acc,"1641384903,84678",-30,0,56.0
E4_Acc,"1641384903,87804",-30,-1,56.0
E4_Acc,"1641384903,90929",-30,0,56.0
E4_Acc,"1641384903,94054",-30,-1,56.0
E4_Acc,"1641384903,97179",-29,-1,56.0
E4_Acc,"1641384904,00304",-29,-1,56.0
E4_Acc,"1641384904,03429",-30,-1,56.0
E4_Acc,"1641384904,06554",-30,-1,56.0
E4_Acc,"1641384904,0968",-30,-1,56.0
E4_Acc,"1641384904,12805",-30,0,56.0
E4_Acc,"1641384904,1593",-29,-1,56.0
E4_Acc,"1641384904,19055",-30,-1,56.0
E4_Acc,"1641384904,2218",-30,-1,56.0
E4_Acc,"1641384904,25305",-30,-1,56.0
E4_Acc,"1641384904,2843",-30,0,56.0
E4_Acc,"1641384904,31556",-29,-1,56.0
E4_Acc,"1641384904,34681",-29,0,56.0
E4_Acc,"1641384904,37806",-30,0,56.0
E4_Acc,"1641384904,40931",-30,-1,56.0
E4_Acc,"1641384904,44056",-30,-1,56.0
E4_Acc,"1641384904,47181",-29,0,56.0
E4_Acc,"1641384904,50306",-30,-1,56.0
E4_Acc,"1641384904,53432",-30,-1,56.0
E4_Acc,"1641384904,56557",-30,-1,56.0
E4_Acc,"1641384904,59682",-29,-1,56.0
E4_Acc,"1641384904,62807",-30,-1,56.0
E4_Acc,"1641384904,65932",-29,0,57.0
E4_Acc,"1641384904,69057",-29,0,56.0
E4_Acc,"1641384904,72182",-30,-1,56.0
E4_Acc,"1641384904,75308",-30,-1,56.0
E4_Acc,"1641384904,78433",-29,0,56.0
E4_Acc,"1641384904,81558",-30,-1,56.0
E4_Acc,"1641384904,84683",-30,-1,56.0
E4_Acc,"1641384904,87808",-29,-1,56.0
E4_Acc,"1641384904,90933",-30,-1,56.0
E4_Acc,"1641384904,94058",-30,0,56.0
E4_Acc,"1641384904,97184",-29,0,56.0
E4_Acc,"1641384905,00309",-29,-1,56.0
E4_Acc,"1641384905,03434",-30,0,56.0
E4_Acc,"1641384905,06559",-30,0,56.0
E4_Acc,"1641384905,09684",-30,-1,56.0
E4_Acc,"1641384905,12809",-30,0,56.0
E4_Acc,"1641384905,15934",-30,-1,56.0
E4_Acc,"1641384905,1906",-30,-1,56.0
E4_Acc,"1641384905,22185",-30,-1,56.0
E4_Acc,"1641384905,2531",-30,0,56.0
E4_Acc,"1641384905,28435",-30,-1,56.0
E4_Acc,"1641384905,3156",-30,0,56.0
E4_Acc,"1641384905,34685",-30,-1,56.0
E4_Acc,"1641384905,3781",-29,-1,56.0
E4_Acc,"1641384905,40936",-29,-1,56.0
E4_Acc,"1641384905,44061",-29,-1,56.0
E4_Acc,"1641384905,47186",-30,-1,57.0
E4_Acc,"1641384905,50311",-30,-1,56.0
E4_Acc,"1641384905,53436",-30,0,56.0
E4_Acc,"1641384905,56561",-30,-1,56.0
E4_Acc,"1641384905,59686",-30,0,56.0
E4_Acc,"1641384905,62812",-29,0,56.0
E4_Acc,"1641384905,65937",-29,0,57.0
E4_Acc,"1641384905,69062",-29,0,57.0
E4_Acc,"1641384905,72187",-29,0,57.0
E4_Acc,"1641384905,75312",-30,-1,56.0
E4_Acc,"1641384905,78437",-30,-1,56.0
E4_Acc,"1641384905,81562",-30,0,56.0
E4_Acc,"1641384905,84688",-30,-1,56.0
E4_Acc,"1641384905,87813",-30,-1,56.0
E4_Acc,"1641384905,90938",-29,-1,56.0
E4_Acc,"1641384905,94063",-30,-1,56.0
E4_Acc,"1641384905,97188",-30,-1,56.0
E4_Acc,"1641384906,00313",-30,0,56.0
E4_Acc,"1641384906,03439",-30,0,56.0
E4_Acc,"1641384906,06564",-29,-1,56.0
E4_Acc,"1641384906,09689",-29,-1,56.0
E4_Acc,"1641384906,12814",-30,0,56.0
E4_Acc,"1641384906,15939",-30,-1,56.0
E4_Acc,"1641384906,19064",-30,0,56.0
E4_Acc,"1641384906,22189",-30,-1,56.0
E4_Acc,"1641384906,25315",-30,-1,56.0
E4_Acc,"1641384906,2844",-29,0,56.0
E4_Acc,"1641384906,31565",-30,-1,56.0
E4_Acc,"1641384906,3469",-30,-1,56.0
E4_Acc,"1641384906,37815",-30,0,56.0
E4_Acc,"1641384906,4094",-29,0,56.0
E4_Acc,"1641384906,44065",-30,0,56.0
E4_Acc,"1641384906,47191",-30,-1,56.0
E4_Acc,"1641384906,50316",-30,-1,56.0
E4_Acc,"1641384906,53441",-29,-1,56.0
E4_Acc,"1641384906,56566",-30,-1,56.0
E4_Acc,"1641384906,59691",-29,0,56.0
E4_Acc,"1641384906,62816",-30,-1,56.0
E4_Acc,"1641384906,65941",-30,-1,56.0
E4_Acc,"1641384906,69067",-30,-1,56.0
E4_Acc,"1641384906,72192",-30,-1,56.0
E4_Acc,"1641384906,75317",-29,-1,56.0
E4_Acc,"1641384906,78442",-29,-1,56.0
E4_Acc,"1641384906,81567",-29,-1,56.0
E4_Acc,"1641384906,84692",-29,-1,56.0
E4_Acc,"1641384906,87817",-30,-1,56.0
E4_Acc,"1641384906,90943",-30,0,56.0
E4_Acc,"1641384906,94068",-30,0,56.0
E4_Acc,"1641384906,97193",-30,-1,56.0
E4_Acc,"1641384907,00318",-30,-1,56.0
E4_Acc,"1641384907,03443",-29,0,56.0
E4_Acc,"1641384907,06568",-29,0,56.0
E4_Acc,"1641384907,09693",-29,-1,56.0
E4_Acc,"1641384907,12819",-30,-1,56.0
E4_Acc,"1641384907,15944",-30,-1,56.0
E4_Acc,"1641384907,19069",-29,-1,56.0
E4_Acc,"1641384907,22194",-30,-1,56.0
E4_Acc,"1641384907,25319",-30,-1,56.0
E4_Acc,"1641384907,28444",-29,-1,56.0
E4_Acc,"1641384907,31569",-30,-1,56.0
E4_Acc,"1641384907,34695",-30,-1,56.0
E4_Acc,"1641384907,3782",-30,-1,56.0
E4_Acc,"1641384907,40945",-30,-1,56.0
E4_Acc,"1641384907,4407",-30,-1,56.0
E4_Acc,"1641384907,47195",-29,-1,57.0
E4_Acc,"1641384907,5032",-30,-1,56.0
E4_Acc,"1641384907,53445",-29,0,56.0
E4_Acc,"1641384907,56571",-30,0,56.0
E4_Acc,"1641384907,59696",-29,-1,56.0
E4_Acc,"1641384907,62821",-29,-1,56.0
E4_Acc,"1641384907,65946",-30,0,56.0
E4_Acc,"1641384907,69071",-30,-1,56.0
E4_Acc,"1641384907,72196",-30,0,56.0
E4_Acc,"1641384907,75321",-30,-1,56.0
E4_Acc,"1641384907,78447",-30,-1,56.0
E4_Acc,"1641384907,81572",-29,0,56.0
E4_Acc,"1641384907,84697",-30,0,56.0
E4_Acc,"1641384907,87822",-30,-1,56.0
E4_Acc,"1641384907,90947",-30,0,56.0
E4_Acc,"1641384907,94072",-29,0,57.0
E4_Acc,"1641384907,97197",-30,0,56.0
E4_Acc,"1641384908,00323",-30,-1,56.0
E4_Acc,"1641384908,03448",-30,-1,56.0
E4_Acc,"1641384908,06573",-30,-1,56.0
E4_Acc,"1641384908,09698",-30,0,56.0
E4_Acc,"1641384908,12823",-29,-1,56.0
E4_Acc,"1641384908,15948",-29,-1,56.0
E4_Acc,"1641384908,19073",-30,-1,56.0
E4_Acc,"1641384908,22199",-30,0,56.0
E4_Acc,"1641384908,25324",-30,0,56.0
E4_Acc,"1641384908,28449",-30,0,56.0
E4_Acc,"1641384908,31574",-29,-1,56.0
E4_Acc,"1641384908,34699",-30,-1,57.0
E4_Acc,"1641384908,37824",-30,-1,56.0
E4_Acc,"1641384908,4095",-29,-1,56.0
E4_Acc,"1641384908,44075",-30,-1,56.0
E4_Acc,"1641384908,472",-30,-1,56.0
E4_Acc,"1641384908,50325",-30,0,56.0
E4_Acc,"1641384908,5345",-30,-1,56.0
E4_Acc,"1641384908,56575",-30,0,56.0
E4_Acc,"1641384908,597",-30,-1,56.0
E4_Acc,"1641384908,62826",-30,-1,56.0
E4_Acc,"1641384908,65951",-30,-1,56.0
E4_Acc,"1641384908,69076",-29,-1,56.0
E4_Acc,"1641384908,72201",-30,0,56.0
E4_Acc,"1641384908,75326",-30,0,56.0
E4_Acc,"1641384908,78451",-30,-1,56.0
E4_Acc,"1641384908,81576",-30,-1,56.0
E4_Acc,"1641384908,84702",-30,-1,56.0
E4_Acc,"1641384908,87827",-30,0,56.0
E4_Acc,"1641384908,90952",-30,0,57.0
E4_Acc,"1641384908,94077",-29,-1,56.0
E4_Acc,"1641384908,97202",-29,-1,56.0
E4_Acc,"1641384909,00327",-29,-1,56.0
E4_Acc,"1641384909,03452",-30,0,56.0
E4_Acc,"1641384909,06578",-30,-1,56.0
E4_Acc,"1641384909,09703",-30,0,56.0
E4_Acc,"1641384909,12828",-30,0,56.0
E4_Acc,"1641384909,15953",-30,-1,56.0
E4_Acc,"1641384909,19078",-30,-1,56.0
E4_Acc,"1641384909,22203",-29,-1,56.0
E4_Acc,"1641384909,25328",-29,-1,56.0
E4_Acc,"1641384909,28454",-29,-1,56.0
E4_Acc,"1641384909,31579",-30,-1,56.0
E4_Acc,"1641384909,34704",-30,-1,56.0
E4_Acc,"1641384909,37829",-30,-1,56.0
E4_Acc,"1641384909,40954",-29,0,56.0
E4_Acc,"1641384909,44079",-29,-1,56.0
E4_Acc,"1641384909,47204",-29,-1,56.0
E4_Acc,"1641384909,5033",-30,-1,56.0
E4_Acc,"1641384909,53455",-30,0,56.0
E4_Acc,"1641384909,5658",-29,0,56.0
E4_Acc,"1641384909,59705",-30,-1,56.0
E4_Acc,"1641384909,6283",-30,0,56.0
E4_Acc,"1641384909,65955",-30,0,56.0
E4_Acc,"1641384909,6908",-29,0,57.0
E4_Acc,"1641384909,72206",-29,-1,56.0
E4_Acc,"1641384909,75331",-30,-1,56.0
E4_Acc,"1641384909,78456",-29,0,56.0
E4_Acc,"1641384909,81581",-29,-1,56.0
E4_Acc,"1641384909,84706",-30,-1,56.0
E4_Acc,"1641384909,87831",-29,-1,56.0
E4_Acc,"1641384909,90956",-29,-1,56.0
E4_Acc,"1641384909,94082",-30,-1,56.0
E4_Acc,"1641384909,97207",-30,-1,56.0
E4_Acc,"1641384910,00332",-29,-1,57.0
E4_Acc,"1641384910,03457",-29,-1,57.0
E4_Acc,"1641384910,06582",-29,-1,56.0
E4_Acc,"1641384910,09707",-30,-1,56.0
E4_Acc,"1641384910,12832",-29,-1,57.0
E4_Acc,"1641384910,15958",-29,-1,56.0
E4_Acc,"1641384910,19083",-30,-1,56.0
E4_Acc,"1641384910,22208",-29,-1,57.0
E4_Acc,"1641384910,25333",-29,-1,57.0
E4_Acc,"1641384910,28458",-30,-1,56.0
E4_Acc,"1641384910,31583",-29,-1,57.0
E4_Acc,"1641384910,34708",-29,-1,57.0
E4_Acc,"1641384910,37834",-29,-1,56.0
E4_Acc,"1641384910,40959",-29,0,57.0
E4_Acc,"1641384910,44084",-29,-1,56.0
E4_Acc,"1641384910,47209",-29,-1,56.0
E4_Acc,"1641384910,50334",-29,-1,56.0
E4_Acc,"1641384910,53459",-29,-1,56.0
E4_Acc,"1641384910,56585",-29,-1,56.0
E4_Acc,"1641384910,5971",-29,-1,56.0
E4_Acc,"1641384910,62835",-29,-1,57.0
E4_Acc,"1641384910,6596",-29,-1,57.0
E4_Acc,"1641384910,69085",-29,-1,57.0
E4_Acc,"1641384910,7221",-29,-1,56.0
E4_Acc,"1641384910,75335",-30,0,56.0
E4_Acc,"1641384910,78461",-30,0,56.0
E4_Acc,"1641384910,81586",-29,-1,57.0
E4_Acc,"1641384910,84711",-30,-1,56.0
E4_Acc,"1641384910,87836",-29,-1,56.0
E4_Acc,"1641384910,90961",-29,-1,57.0
E4_Acc,"1641384910,94086",-30,0,56.0
E4_Acc,"1641384910,97211",-29,-1,56.0
E4_Acc,"1641384911,00337",-30,-1,56.0
E4_Acc,"1641384911,03462",-30,-1,56.0
E4_Acc,"1641384911,06587",-29,-1,56.0
E4_Acc,"1641384911,09712",-29,-1,57.0
E4_Acc,"1641384911,12837",-29,-1,56.0
E4_Acc,"1641384911,15962",-29,-1,57.0
E4_Acc,"1641384911,19087",-29,0,56.0
E4_Acc,"1641384911,22213",-29,-1,56.0
E4_Acc,"1641384911,25338",-29,0,57.0
E4_Acc,"1641384911,28463",-29,-1,57.0
E4_Acc,"1641384911,31588",-29,-1,57.0
E4_Acc,"1641384911,34713",-29,0,57.0
E4_Acc,"1641384911,37838",-29,-1,56.0
E4_Acc,"1641384911,40963",-29,-1,56.0
E4_Acc,"1641384911,44089",-29,-1,56.0
E4_Acc,"1641384911,47214",-29,-1,57.0
E4_Acc,"1641384911,50339",-29,-1,57.0
E4_Acc,"1641384911,53464",-29,-1,57.0
E4_Acc,"1641384911,56589",-29,-1,57.0
E4_Acc,"1641384911,59714",-29,-1,57.0
E4_Acc,"1641384911,62839",-29,-1,56.0
E4_Acc,"1641384911,65965",-29,-1,57.0
E4_Acc,"1641384911,6909",-29,-1,57.0
E4_Acc,"1641384911,72215",-29,-1,56.0
E4_Acc,"1641384911,7534",-29,-1,56.0
E4_Acc,"1641384911,78465",-29,-1,57.0
E4_Acc,"1641384911,8159",-29,-1,56.0
E4_Acc,"1641384911,84715",-29,-1,56.0
E4_Acc,"1641384911,87841",-29,0,57.0
E4_Acc,"1641384911,90966",-29,-1,56.0
E4_Acc,"1641384911,94091",-29,-1,56.0
E4_Acc,"1641384911,97216",-29,0,57.0
E4_Acc,"1641384912,00341",-29,0,56.0
E4_Acc,"1641384912,03466",-29,-1,56.0
E4_Acc,"1641384912,06591",-29,-1,56.0
E4_Acc,"1641384912,09717",-29,0,56.0
E4_Acc,"1641384912,12842",-29,-1,57.0
E4_Acc,"1641384912,15967",-29,-1,57.0
E4_Acc,"1641384912,19092",-29,-1,56.0
E4_Acc,"1641384912,22217",-29,-1,56.0
E4_Acc,"1641384912,25342",-29,0,57.0
E4_Acc,"1641384912,28467",-29,-1,56.0
E4_Acc,"1641384912,31593",-29,-1,57.0
E4_Acc,"1641384912,34718",-29,-1,56.0
E4_Acc,"1641384912,37843",-29,-1,56.0
E4_Acc,"1641384912,40968",-29,0,57.0
E4_Acc,"1641384912,44093",-29,-1,56.0
E4_Acc,"1641384912,47218",-29,-1,57.0
E4_Acc,"1641384912,50343",-29,-1,56.0
E4_Acc,"1641384912,53469",-30,-1,56.0
E4_Acc,"1641384912,56594",-29,-1,56.0
E4_Acc,"1641384912,59719",-29,-1,57.0
E4_Acc,"1641384912,62844",-29,-1,57.0
E4_Acc,"1641384912,65969",-29,-1,56.0
E4_Acc,"1641384912,69094",-29,-1,57.0
E4_Acc,"1641384912,72219",-29,-1,56.0
E4_Acc,"1641384912,75345",-29,-1,56.0
E4_Acc,"1641384912,7847",-29,-1,56.0
E4_Acc,"1641384912,81595",-29,-1,57.0
E4_Acc,"1641384912,8472",-29,-1,57.0
E4_Acc,"1641384912,87845",-29,-1,56.0
E4_Acc,"1641384912,9097",-29,-1,57.0
E4_Acc,"1641384912,94095",-29,-1,57.0
E4_Acc,"1641384912,97221",-29,-1,57.0
E4_Acc,"1641384913,00346",-29,-1,56.0
E4_Acc,"1641384913,03471",-29,-1,57.0
E4_Acc,"1641384913,06596",-29,-1,57.0
E4_Acc,"1641384913,09721",-29,-1,56.0
E4_Acc,"1641384913,12846",-29,0,56.0
E4_Acc,"1641384913,15971",-29,0,57.0
E4_Acc,"1641384913,19097",-29,-1,56.0
E4_Acc,"1641384913,22222",-29,-1,56.0
E4_Acc,"1641384913,25347",-30,0,56.0
E4_Acc,"1641384913,28472",-29,0,57.0
E4_Acc,"1641384913,31597",-29,-1,56.0
E4_Acc,"1641384913,34722",-30,0,57.0
E4_Acc,"1641384913,37848",-29,-1,57.0
E4_Acc,"1641384913,40973",-29,0,57.0
E4_Acc,"1641384913,44098",-29,-1,57.0
E4_Acc,"1641384913,47223",-29,-2,56.0
E4_Acc,"1641384913,50348",-29,-2,56.0
E4_Acc,"1641384913,53473",-29,1,57.0
E4_Acc,"1641384913,56598",-29,1,57.0
E4_Acc,"1641384913,59724",-29,-1,56.0
E4_Acc,"1641384913,62849",-29,-1,56.0
E4_Acc,"1641384913,65974",-29,-1,56.0
E4_Acc,"1641384913,69099",-29,0,57.0
E4_Acc,"1641384913,72224",-29,0,56.0
E4_Acc,"1641384913,75349",-30,0,56.0
E4_Acc,"1641384913,78474",-29,-1,56.0
E4_Acc,"1641384913,816",-29,-1,56.0
E4_Acc,"1641384913,84725",-30,0,56.0
E4_Acc,"1641384913,8785",-30,0,56.0
E4_Acc,"1641384913,90975",-30,0,56.0
E4_Acc,"1641384913,941",-30,0,57.0
E4_Acc,"1641384913,97225",-29,-1,57.0
E4_Acc,"1641384914,0035",-29,0,57.0
E4_Acc,"1641384914,03476",-29,-1,56.0
E4_Acc,"1641384914,06601",-30,-1,56.0
E4_Acc,"1641384914,09726",-29,-1,56.0
E4_Acc,"1641384914,12851",-29,0,56.0
E4_Acc,"1641384914,15976",-30,-1,56.0
E4_Acc,"1641384914,19101",-30,-1,56.0
E4_Acc,"1641384914,22226",-31,0,56.0
E4_Acc,"1641384914,25352",-31,0,56.0
E4_Acc,"1641384914,28477",-28,-1,57.0
E4_Acc,"1641384914,31602",-28,-1,57.0
E4_Acc,"1641384914,34727",-29,-1,56.0
E4_Acc,"1641384914,37852",-29,-1,56.0
E4_Acc,"1641384914,40977",-29,-1,57.0
E4_Acc,"1641384914,44102",-29,-1,57.0
E4_Acc,"1641384914,47228",-29,-1,56.0
E4_Acc,"1641384914,50353",-29,-1,57.0
E4_Acc,"1641384914,53478",-28,-1,57.0
E4_Acc,"1641384914,56603",-28,-1,57.0
E4_Acc,"1641384914,59728",-29,-1,56.0
E4_Acc,"1641384914,62853",-29,-1,57.0
E4_Acc,"1641384914,65978",-29,-1,57.0
E4_Acc,"1641384914,69104",-29,-1,57.0
E4_Acc,"1641384914,72229",-29,-1,57.0
E4_Acc,"1641384914,75354",-29,-1,57.0
E4_Acc,"1641384914,78479",-29,-1,57.0
E4_Acc,"1641384914,81604",-29,-1,56.0
E4_Acc,"1641384914,84729",-29,-1,57.0
E4_Acc,"1641384914,87854",-29,0,57.0
E4_Acc,"1641384914,9098",-29,-1,57.0
E4_Acc,"1641384914,94105",-29,-1,57.0
E4_Acc,"1641384914,9723",-29,-1,57.0
E4_Acc,"1641384915,00355",-29,-1,57.0
E4_Acc,"1641384915,0348",-29,-1,57.0
E4_Acc,"1641384915,06605",-29,0,57.0
E4_Acc,"1641384915,0973",-28,-1,56.0
E4_Acc,"1641384915,12856",-29,-1,56.0
E4_Acc,"1641384915,15981",-29,-1,56.0
E4_Acc,"1641384915,19106",-29,0,57.0
E4_Acc,"1641384915,22231",-29,-1,57.0
E4_Acc,"1641384915,25356",-29,0,57.0
E4_Acc,"1641384915,28481",-29,-1,56.0
E4_Acc,"1641384915,31606",-29,-1,57.0
E4_Acc,"1641384915,34732",-29,-1,56.0
E4_Acc,"1641384915,37857",-29,-1,57.0
E4_Acc,"1641384915,40982",-29,-1,56.0
E4_Acc,"1641384915,44107",-29,-1,56.0
E4_Acc,"1641384915,47232",-29,-1,57.0
E4_Acc,"1641384915,50357",-29,-1,57.0
E4_Acc,"1641384915,53483",-28,-1,57.0
E4_Acc,"1641384915,56608",-29,-1,57.0
E4_Acc,"1641384915,59733",-29,-1,57.0
E4_Acc,"1641384915,62858",-29,-1,57.0
E4_Acc,"1641384915,65983",-29,-1,57.0
E4_Acc,"1641384915,69108",-29,-1,57.0
E4_Acc,"1641384915,72233",-29,-1,57.0
E4_Acc,"1641384915,75359",-29,-1,57.0
E4_Acc,"1641384915,78484",-29,-1,56.0
E4_Acc,"1641384915,81609",-29,-1,57.0
E4_Acc,"1641384915,84734",-29,-1,57.0
E4_Acc,"1641384915,87859",-29,-1,57.0
E4_Acc,"1641384915,90984",-29,-1,56.0
E4_Acc,"1641384915,94109",-29,0,57.0
E4_Acc,"1641384915,97235",-29,-1,57.0
E4_Acc,"1641384916,0036",-29,-1,56.0
E4_Acc,"1641384916,03485",-29,-1,57.0
E4_Acc,"1641384916,0661",-29,0,57.0
E4_Acc,"1641384916,09735",-29,-1,56.0
E4_Acc,"1641384916,1286",-29,-1,57.0
E4_Acc,"1641384916,15985",-29,-1,56.0
E4_Acc,"1641384916,19111",-29,-1,57.0
E4_Acc,"1641384916,22236",-29,0,57.0
E4_Acc,"1641384916,25361",-29,-1,57.0
E4_Acc,"1641384916,28486",-29,-1,57.0
E4_Acc,"1641384916,31611",-29,0,56.0
E4_Acc,"1641384916,34736",-29,0,56.0
E4_Acc,"1641384916,37861",-29,0,57.0
E4_Acc,"1641384916,40987",-29,-1,56.0
E4_Acc,"1641384916,44112",-29,-1,57.0
E4_Acc,"1641384916,47237",-29,-1,56.0
E4_Acc,"1641384916,50362",-29,0,57.0
E4_Acc,"1641384916,53487",-29,-1,57.0
E4_Acc,"1641384916,56612",-29,-1,57.0
E4_Acc,"1641384916,59737",-29,-1,56.0
E4_Acc,"1641384916,62863",-29,-1,57.0
E4_Acc,"1641384916,65988",-29,0,57.0
E4_Acc,"1641384916,69113",-29,0,56.0
E4_Acc,"1641384916,72238",-29,-1,57.0
E4_Acc,"1641384916,75363",-29,-1,57.0
E4_Acc,"1641384916,78488",-29,-1,56.0
E4_Acc,"1641384916,81613",-29,0,56.0
E4_Acc,"1641384916,84739",-29,-1,56.0
E4_Acc,"1641384916,87864",-29,-1,57.0
E4_Acc,"1641384916,90989",-29,-1,57.0
E4_Acc,"1641384916,94114",-29,-1,56.0
E4_Acc,"1641384916,97239",-29,-1,57.0
E4_Acc,"1641384917,00364",-29,-1,56.0
E4_Acc,"1641384917,03489",-29,-1,56.0
E4_Acc,"1641384917,06615",-29,-1,56.0
E4_Acc,"1641384917,0974",-29,-1,57.0
E4_Acc,"1641384917,12865",-29,-1,57.0
E4_Acc,"1641384917,1599",-29,-1,56.0
E4_Acc,"1641384917,19115",-30,-1,56.0
E4_Acc,"1641384917,2224",-29,0,57.0
E4_Acc,"1641384917,25365",-29,-1,56.0
E4_Acc,"1641384917,28491",-29,-1,56.0
E4_Acc,"1641384917,31616",-30,-1,57.0
E4_Acc,"1641384917,34741",-29,-1,57.0
E4_Acc,"1641384917,37866",-29,-1,57.0
E4_Acc,"1641384917,40991",-29,-1,56.0
E4_Acc,"1641384917,44116",-29,-1,56.0
E4_Acc,"1641384917,47241",-29,-1,57.0
E4_Acc,"1641384917,50367",-29,-1,56.0
E4_Acc,"1641384917,53492",-29,-1,57.0
E4_Acc,"1641384917,56617",-29,-1,57.0
E4_Acc,"1641384917,59742",-29,-1,56.0
E4_Acc,"1641384917,62867",-29,-1,57.0
E4_Acc,"1641384917,65992",-29,-1,56.0
E4_Acc,"1641384917,69117",-29,-1,56.0
E4_Acc,"1641384917,72243",-29,-1,56.0
E4_Acc,"1641384917,75368",-28,-1,57.0
E4_Acc,"1641384917,78493",-29,-1,56.0
E4_Acc,"1641384917,81618",-30,-1,56.0
E4_Acc,"1641384917,84743",-29,-1,57.0
E4_Acc,"1641384917,87868",-29,-1,57.0
E4_Acc,"1641384917,90994",-29,-1,57.0
E4_Acc,"1641384917,94119",-29,-1,56.0
E4_Acc,"1641384917,97244",-29,-1,57.0
E4_Acc,"1641384918,00369",-29,-1,57.0
E4_Acc,"1641384918,03494",-29,-1,56.0
E4_Acc,"1641384918,06619",-29,-1,57.0
E4_Acc,"1641384918,09744",-28,-1,57.0
E4_Acc,"1641384918,1287",-29,-1,56.0
E4_Acc,"1641384918,15995",-29,-1,57.0
E4_Acc,"1641384918,1912",-29,-1,57.0
E4_Acc,"1641384918,22245",-29,-1,57.0
E4_Acc,"1641384918,2537",-29,-1,57.0
E4_Acc,"1641384918,28495",-29,-1,57.0
E4_Acc,"1641384918,3162",-29,-1,57.0
E4_Acc,"1641384918,34746",-29,-1,57.0
E4_Acc,"1641384918,37871",-29,-1,56.0
E4_Acc,"1641384918,40996",-29,-1,57.0
E4_Acc,"1641384918,44121",-29,-1,57.0
E4_Acc,"1641384918,47246",-29,-1,57.0
E4_Acc,"1641384918,50371",-28,-1,56.0
E4_Acc,"1641384918,53496",-28,-1,57.0
E4_Acc,"1641384918,56622",-28,-1,57.0
E4_Acc,"1641384918,59747",-30,-1,56.0
E4_Acc,"1641384918,62872",-29,-1,57.0
E4_Acc,"1641384918,65997",-29,-1,57.0
E4_Acc,"1641384918,69122",-29,-1,56.0
E4_Acc,"1641384918,72247",-29,0,57.0
E4_Acc,"1641384918,75372",-29,-1,56.0
E4_Acc,"1641384918,78498",-29,-1,56.0
E4_Acc,"1641384918,81623",-29,-1,57.0
E4_Acc,"1641384918,84748",-29,-1,57.0
E4_Acc,"1641384918,87873",-29,-1,56.0
E4_Acc,"1641384918,90998",-29,-1,57.0
E4_Acc,"1641384918,94123",-29,-1,57.0
E4_Acc,"1641384918,97248",-29,-1,57.0
E4_Acc,"1641384919,00374",-29,-1,57.0
E4_Acc,"1641384919,03499",-29,-1,56.0
E4_Acc,"1641384919,06624",-29,-1,57.0
E4_Acc,"1641384919,09749",-30,0,57.0
E4_Acc,"1641384919,12874",-29,0,56.0
E4_Acc,"1641384919,15999",-28,-1,57.0
E4_Acc,"1641384919,19124",-29,-1,57.0
E4_Acc,"1641384919,2225",-29,-1,56.0
E4_Acc,"1641384919,25375",-29,-1,57.0
E4_Acc,"1641384919,285",-29,-1,57.0
E4_Acc,"1641384919,31625",-29,-1,57.0
E4_Acc,"1641384919,3475",-29,-1,56.0
E4_Acc,"1641384919,37875",-29,0,57.0
E4_Acc,"1641384919,41",-29,-1,56.0
E4_Acc,"1641384919,44126",-29,-1,57.0
E4_Acc,"1641384919,47251",-29,0,57.0
E4_Acc,"1641384919,50376",-29,0,57.0
E4_Acc,"1641384919,53501",-29,-1,57.0
E4_Acc,"1641384919,56626",-29,0,57.0
E4_Acc,"1641384919,59751",-29,-1,57.0
E4_Acc,"1641384919,62876",-29,0,56.0
E4_Acc,"1641384919,66002",-29,-1,56.0
E4_Acc,"1641384919,69127",-29,-1,56.0
E4_Acc,"1641384919,72252",-29,-1,57.0
E4_Acc,"1641384919,75377",-29,-1,57.0
E4_Acc,"1641384919,78502",-29,-1,57.0
E4_Acc,"1641384919,81627",-29,0,57.0
E4_Acc,"1641384919,84752",-29,-1,57.0
E4_Acc,"1641384919,87878",-29,-1,57.0
E4_Acc,"1641384919,91003",-28,-1,56.0
E4_Acc,"1641384919,94128",-29,-1,57.0
E4_Acc,"1641384919,97253",-29,-1,56.0
E4_Acc,"1641384920,00378",-29,-1,56.0
E4_Acc,"1641384920,03503",-29,-1,57.0
E4_Acc,"1641384920,06628",-29,-1,57.0
E4_Acc,"1641384920,09754",-29,-1,56.0
E4_Acc,"1641384920,12879",-29,0,57.0
E4_Acc,"1641384920,16004",-29,-1,57.0
E4_Acc,"1641384920,19129",-29,-1,57.0
E4_Acc,"1641384920,22254",-29,-1,57.0
E4_Acc,"1641384920,25379",-29,-1,57.0
E4_Acc,"1641384920,28504",-29,-1,57.0
E4_Acc,"1641384920,3163",-29,-1,57.0
E4_Acc,"1641384920,34755",-29,-1,57.0
E4_Acc,"1641384920,3788",-29,0,57.0
E4_Acc,"1641384920,41005",-29,0,57.0
E4_Acc,"1641384920,4413",-29,-1,57.0
E4_Acc,"1641384920,47255",-29,-1,57.0
E4_Acc,"1641384920,5038",-29,-1,57.0
E4_Acc,"1641384920,53506",-29,-1,56.0
E4_Acc,"1641384920,56631",-29,-1,57.0
E4_Acc,"1641384920,59756",-29,-1,57.0
E4_Acc,"1641384920,62881",-29,-1,57.0
E4_Acc,"1641384920,66006",-28,-1,57.0
E4_Acc,"1641384920,69131",-29,-1,57.0
E4_Acc,"1641384920,72257",-29,-1,57.0
E4_Acc,"1641384920,75382",-29,0,56.0
E4_Acc,"1641384920,78507",-29,-1,56.0
E4_Acc,"1641384920,81632",-29,-1,57.0
E4_Acc,"1641384920,84757",-29,-1,56.0
E4_Acc,"1641384920,87882",-28,-1,57.0
E4_Acc,"1641384920,91007",-28,-1,57.0
E4_Acc,"1641384920,94133",-29,0,57.0
E4_Acc,"1641384920,97258",-29,0,57.0
E4_Acc,"1641384921,00383",-29,0,57.0
E4_Acc,"1641384921,03508",-29,-1,57.0
E4_Acc,"1641384921,06633",-29,-1,56.0
E4_Acc,"1641384921,09758",-29,-1,57.0
E4_Acc,"1641384921,12883",-29,-1,56.0
E4_Acc,"1641384921,16009",-29,0,57.0
E4_Acc,"1641384921,19134",-29,-1,57.0
E4_Acc,"1641384921,22259",-29,-1,57.0
E4_Acc,"1641384921,25384",-29,-1,56.0
E4_Acc,"1641384921,28509",-29,-1,56.0
E4_Acc,"1641384921,31634",-29,-1,57.0
E4_Acc,"1641384921,34759",-29,-1,56.0
E4_Acc,"1641384921,37885",-29,0,56.0
E4_Acc,"1641384921,4101",-29,-1,57.0
E4_Acc,"1641384921,44135",-29,-1,57.0
E4_Acc,"1641384921,4726",-29,-1,57.0
E4_Acc,"1641384921,50385",-29,-1,57.0
E4_Acc,"1641384921,5351",-29,-1,57.0
E4_Acc,"1641384921,56635",-29,0,56.0
E4_Acc,"1641384921,59761",-29,-1,57.0
E4_Acc,"1641384921,62886",-29,-1,56.0
E4_Acc,"1641384921,66011",-29,-1,57.0
E4_Acc,"1641384921,69136",-29,-1,57.0
E4_Acc,"1641384921,72261",-29,0,56.0
E4_Acc,"1641384921,75386",-29,0,57.0
E4_Acc,"1641384921,78511",-29,-1,57.0
E4_Acc,"1641384921,81637",-29,-1,57.0
E4_Acc,"1641384921,84762",-29,-1,56.0
E4_Acc,"1641384921,87887",-29,0,57.0
E4_Acc,"1641384921,91012",-29,-1,57.0
E4_Acc,"1641384921,94137",-29,0,57.0
E4_Acc,"1641384921,97262",-29,-1,57.0
E4_Acc,"1641384922,00387",-29,-1,57.0
E4_Acc,"1641384922,03513",-30,-1,56.0
E4_Acc,"1641384922,06638",-29,0,57.0
E4_Acc,"1641384922,09763",-29,-1,57.0
E4_Acc,"1641384922,12888",-29,-1,57.0
E4_Acc,"1641384922,16013",-29,-1,56.0
E4_Acc,"1641384922,19138",-29,-1,56.0
E4_Acc,"1641384922,22263",-29,0,56.0
E4_Acc,"1641384922,25389",-29,0,56.0
E4_Acc,"1641384922,28514",-29,-1,56.0
E4_Acc,"1641384922,31639",-29,-1,57.0
E4_Acc,"1641384922,34764",-29,-1,56.0
E4_Acc,"1641384922,37889",-30,-1,56.0
E4_Acc,"1641384922,41014",-29,0,56.0
E4_Acc,"1641384922,44139",-29,-1,57.0
E4_Acc,"1641384922,47265",-29,0,56.0
E4_Acc,"1641384922,5039",-29,-1,57.0
E4_Acc,"1641384922,53515",-29,-1,57.0
E4_Acc,"1641384922,5664",-30,0,56.0
E4_Acc,"1641384922,59765",-29,0,57.0
E4_Acc,"1641384922,6289",-29,-1,56.0
E4_Acc,"1641384922,66015",-29,-1,57.0
E4_Acc,"1641384922,69141",-29,-1,57.0
E4_Acc,"1641384922,72266",-29,-1,57.0
E4_Acc,"1641384922,75391",-29,-1,57.0
E4_Acc,"1641384922,78516",-29,0,56.0
E4_Acc,"1641384922,81641",-29,-1,57.0
E4_Acc,"1641384922,84766",-29,-1,56.0
E4_Acc,"1641384922,87892",-29,-1,57.0
E4_Acc,"1641384922,91017",-29,-1,57.0
E4_Acc,"1641384922,94142",-30,0,56.0
E4_Acc,"1641384922,97267",-29,0,57.0
E4_Acc,"1641384923,00392",-29,-1,56.0
E4_Acc,"1641384923,03517",-29,-1,57.0
E4_Acc,"1641384923,06642",-29,-1,57.0
E4_Acc,"1641384923,09768",-29,0,56.0
E4_Acc,"1641384923,12893",-29,0,57.0
E4_Acc,"1641384923,16018",-29,-1,57.0
E4_Acc,"1641384923,19143",-29,-1,57.0
E4_Acc,"1641384923,22268",-29,-1,57.0
E4_Acc,"1641384923,25393",-29,-1,56.0
E4_Acc,"1641384923,28518",-29,0,56.0
E4_Acc,"1641384923,31644",-29,0,56.0
E4_Acc,"1641384923,34769",-29,0,57.0
E4_Acc,"1641384923,37894",-29,-1,56.0
E4_Acc,"1641384923,41019",-29,-1,56.0
E4_Acc,"1641384923,44144",-29,0,56.0
E4_Acc,"1641384923,47269",-29,0,56.0
E4_Acc,"1641384923,50394",-30,0,56.0
E4_Acc,"1641384923,5352",-29,0,56.0
E4_Acc,"1641384923,56645",-29,-1,56.0
E4_Acc,"1641384923,5977",-31,-1,56.0
E4_Acc,"1641384923,62895",-29,0,56.0
E4_Acc,"1641384923,6602",-30,0,56.0
E4_Acc,"1641384923,69145",-30,0,56.0
E4_Acc,"1641384923,7227",-28,-1,56.0
E4_Acc,"1641384923,75396",-29,-1,57.0
E4_Acc,"1641384923,78521",-30,-1,56.0
E4_Acc,"1641384923,81646",-30,0,56.0
E4_Acc,"1641384923,84771",-31,0,56.0
E4_Acc,"1641384923,87896",-29,0,56.0
E4_Acc,"1641384923,91021",-29,-1,57.0
E4_Acc,"1641384923,94146",-29,-1,56.0
E4_Acc,"1641384923,97272",-29,-1,57.0
E4_Acc,"1641384924,00397",-29,0,56.0
E4_Acc,"1641384924,03522",-30,0,56.0
E4_Acc,"1641384924,06647",-30,0,56.0
E4_Acc,"1641384924,09772",-30,-1,58.0
E4_Acc,"1641384924,12897",-28,-2,56.0
E4_Acc,"1641384924,16022",-30,0,56.0
E4_Acc,"1641384924,19148",-29,0,57.0
E4_Acc,"1641384924,22273",-30,-1,56.0
E4_Acc,"1641384924,25398",-31,-1,56.0
E4_Acc,"1641384924,28523",-28,-1,56.0
E4_Acc,"1641384924,31648",-29,-1,56.0
E4_Acc,"1641384924,34773",-32,0,56.0
E4_Acc,"1641384924,37898",-29,-1,56.0
E4_Acc,"1641384924,41024",-30,0,56.0
E4_Acc,"1641384924,44149",-32,0,56.0
E4_Acc,"1641384924,47274",-29,0,56.0
E4_Acc,"1641384924,50399",-30,-1,56.0
E4_Acc,"1641384924,53524",-30,-1,56.0
E4_Acc,"1641384924,56649",-30,-1,56.0
E4_Acc,"1641384924,59774",-30,-1,56.0
E4_Acc,"1641384924,629",-30,-1,56.0
E4_Acc,"1641384924,66025",-29,-1,56.0
E4_Acc,"1641384924,6915",-31,-1,56.0
E4_Acc,"1641384924,72275",-30,-1,57.0
E4_Acc,"1641384924,754",-30,-2,56.0
E4_Acc,"1641384924,78525",-30,-2,55.0
E4_Acc,"1641384924,8165",-30,-1,56.0
E4_Acc,"1641384924,84776",-31,-1,55.0
E4_Acc,"1641384924,87901",-31,0,56.0
E4_Acc,"1641384924,91026",-31,0,56.0
E4_Acc,"1641384924,94151",-29,-1,56.0
E4_Acc,"1641384924,97276",-29,-2,56.0
E4_Acc,"1641384925,00401",-29,-1,57.0
E4_Acc,"1641384925,03526",-29,-1,57.0
E4_Acc,"1641384925,06652",-30,-1,56.0
E4_Acc,"1641384925,09777",-32,0,56.0
E4_Acc,"1641384925,12902",-32,0,56.0
E4_Acc,"1641384925,16027",-29,-2,56.0
E4_Acc,"1641384925,19152",-29,-2,56.0
E4_Acc,"1641384925,22277",-31,-1,56.0
E4_Acc,"1641384925,25402",-31,-1,56.0
E4_Acc,"1641384925,28528",-30,-1,55.0
E4_Acc,"1641384925,31653",-30,-1,56.0
E4_Acc,"1641384925,34778",-30,-1,56.0
E4_Acc,"1641384925,37903",-30,-1,56.0
E4_Acc,"1641384925,41028",-30,-1,56.0
E4_Acc,"1641384925,44153",-30,-1,56.0
E4_Acc,"1641384925,47279",-30,-1,56.0
E4_Acc,"1641384925,50404",-30,-1,56.0
E4_Acc,"1641384925,53529",-30,-1,56.0
E4_Acc,"1641384925,56654",-31,-1,56.0
E4_Acc,"1641384925,59779",-30,-1,56.0
E4_Acc,"1641384925,62904",-30,-1,56.0
E4_Acc,"1641384925,66029",-30,-1,56.0
E4_Acc,"1641384925,69155",-30,-1,56.0
E4_Acc,"1641384925,7228",-30,-1,56.0
E4_Acc,"1641384925,75405",-30,-1,56.0
E4_Acc,"1641384925,7853",-30,-1,56.0
E4_Acc,"1641384925,81655",-30,-1,56.0
E4_Acc,"1641384925,8478",-30,-1,56.0
E4_Acc,"1641384925,87905",-30,-1,56.0
E4_Acc,"1641384925,91031",-30,-1,56.0
E4_Acc,"1641384925,94156",-30,-1,56.0
E4_Acc,"1641384925,97281",-30,-1,56.0
E4_Acc,"1641384926,00406",-30,-1,56.0
E4_Acc,"1641384926,03531",-30,-1,56.0
E4_Acc,"1641384926,06656",-30,0,56.0
E4_Acc,"1641384926,09781",-31,0,56.0
E4_Acc,"1641384926,12907",-30,-1,56.0
E4_Acc,"1641384926,16032",-30,-1,56.0
E4_Acc,"1641384926,19157",-30,-1,56.0
E4_Acc,"1641384926,22282",-31,0,56.0
E4_Acc,"1641384926,25407",-31,-1,56.0
E4_Acc,"1641384926,28532",-30,-1,56.0
E4_Acc,"1641384926,31657",-30,-1,56.0
E4_Acc,"1641384926,34783",-30,-1,56.0
E4_Acc,"1641384926,37908",-31,-1,56.0
E4_Acc,"1641384926,41033",-31,0,56.0
E4_Acc,"1641384926,44158",-30,-1,56.0
E4_Acc,"1641384926,47283",-30,-1,56.0
E4_Acc,"1641384926,50408",-30,-1,56.0
E4_Acc,"1641384926,53533",-30,-1,56.0
E4_Acc,"1641384926,56659",-31,-1,56.0
E4_Acc,"1641384926,59784",-31,-1,56.0
E4_Acc,"1641384926,62909",-30,-1,56.0
E4_Acc,"1641384926,66034",-30,-1,56.0
E4_Acc,"1641384926,69159",-30,-1,56.0
E4_Acc,"1641384926,72284",-30,-1,56.0
E4_Acc,"1641384926,75409",-30,0,56.0
E4_Acc,"1641384926,78535",-31,0,56.0
E4_Acc,"1641384926,8166",-30,-1,56.0
E4_Acc,"1641384926,84785",-30,-1,56.0
E4_Acc,"1641384926,8791",-30,-1,56.0
E4_Acc,"1641384926,91035",-31,-1,56.0
E4_Acc,"1641384926,9416",-30,-1,56.0
E4_Acc,"1641384926,97285",-30,-1,56.0
E4_Acc,"1641384927,00411",-30,-1,56.0
E4_Acc,"1641384927,03536",-30,-1,56.0
E4_Acc,"1641384927,06661",-31,-1,55.0
E4_Acc,"1641384927,09786",-31,-1,56.0
E4_Acc,"1641384927,12911",-30,-1,56.0
E4_Acc,"1641384927,16036",-30,-1,56.0
E4_Acc,"1641384927,19161",-30,-1,56.0
E4_Acc,"1641384927,22287",-30,-1,56.0
E4_Acc,"1641384927,25412",-31,0,56.0
E4_Acc,"1641384927,28537",-31,-1,56.0
E4_Acc,"1641384927,31662",-31,-1,56.0
E4_Acc,"1641384927,34787",-31,-1,55.0
E4_Acc,"1641384927,37912",-30,-1,56.0
E4_Acc,"1641384927,41037",-30,-1,56.0
E4_Acc,"1641384927,44163",-31,-1,56.0
E4_Acc,"1641384927,47288",-31,-1,56.0
E4_Acc,"1641384927,50413",-31,-1,55.0
E4_Acc,"1641384927,53538",-31,-1,55.0
E4_Acc,"1641384927,56663",-30,-1,56.0
E4_Acc,"1641384927,59788",-31,-1,56.0
E4_Acc,"1641384927,62913",-31,-1,56.0
E4_Acc,"1641384927,66039",-31,-1,55.0
E4_Acc,"1641384927,69164",-30,-1,56.0
E4_Acc,"1641384927,72289",-30,-2,56.0
E4_Acc,"1641384927,75414",-31,-2,55.0
E4_Acc,"1641384927,78539",-32,0,56.0
E4_Acc,"1641384927,81664",-31,-1,56.0
E4_Acc,"1641384927,8479",-31,-1,56.0
E4_Acc,"1641384927,87915",-30,-2,55.0
E4_Acc,"1641384927,9104",-31,-2,55.0
E4_Acc,"1641384927,94165",-31,-1,55.0
E4_Acc,"1641384927,9729",-31,-1,56.0
E4_Acc,"1641384928,00415",-31,-1,56.0
E4_Acc,"1641384928,0354",-31,-2,55.0
E4_Acc,"1641384928,06666",-30,-2,56.0
E4_Acc,"1641384928,09791",-32,-1,55.0
E4_Acc,"1641384928,12916",-33,0,55.0
E4_Acc,"1641384928,16041",-31,-1,56.0
E4_Acc,"1641384928,19166",-31,-2,56.0
E4_Acc,"1641384928,22291",-31,-1,55.0
E4_Acc,"1641384928,25416",-31,-1,55.0
E4_Acc,"1641384928,28542",-32,-1,55.0
E4_Acc,"1641384928,31667",-31,-1,55.0
E4_Acc,"1641384928,34792",-31,-1,55.0
E4_Acc,"1641384928,37917",-31,-1,56.0
E4_Acc,"1641384928,41042",-31,-1,56.0
E4_Acc,"1641384928,44167",-32,-1,55.0
E4_Acc,"1641384928,47292",-32,-1,55.0
E4_Acc,"1641384928,50418",-32,-1,56.0
E4_Acc,"1641384928,53543",-31,-1,56.0
E4_Acc,"1641384928,56668",-31,-1,55.0
E4_Acc,"1641384928,59793",-31,-1,55.0
E4_Acc,"1641384928,62918",-32,-1,55.0
E4_Acc,"1641384928,66043",-32,-1,55.0
E4_Acc,"1641384928,69168",-32,-1,55.0
E4_Acc,"1641384928,72294",-31,-2,55.0
E4_Acc,"1641384928,75419",-31,-2,55.0
E4_Acc,"1641384928,78544",-32,-1,55.0
E4_Acc,"1641384928,81669",-32,0,55.0
E4_Acc,"1641384928,84794",-31,-1,55.0
E4_Acc,"1641384928,87919",-31,-2,55.0
E4_Acc,"1641384928,91044",-31,-1,55.0
E4_Acc,"1641384928,9417",-32,0,55.0
E4_Acc,"1641384928,97295",-32,0,55.0
E4_Acc,"1641384929,0042",-32,-1,55.0
E4_Acc,"1641384929,03545",-32,-1,55.0
E4_Acc,"1641384929,0667",-31,-2,55.0
E4_Acc,"1641384929,09795",-31,-1,55.0
E4_Acc,"1641384929,1292",-32,-1,55.0
E4_Acc,"1641384929,16046",-32,-1,55.0
E4_Acc,"1641384929,19171",-32,-1,55.0
E4_Acc,"1641384929,22296",-32,-1,55.0
E4_Acc,"1641384929,25421",-31,-1,55.0
E4_Acc,"1641384929,28546",-32,-1,55.0
E4_Acc,"1641384929,31671",-32,-1,55.0
E4_Acc,"1641384929,34796",-31,-1,55.0
E4_Acc,"1641384929,37922",-32,-1,55.0
E4_Acc,"1641384929,41047",-31,-1,55.0
E4_Acc,"1641384929,44172",-32,-1,55.0
E4_Acc,"1641384929,47297",-32,-1,55.0
E4_Acc,"1641384929,50422",-31,0,55.0
E4_Acc,"1641384929,53547",-31,-1,55.0
E4_Acc,"1641384929,56672",-31,-1,55.0
E4_Acc,"1641384929,59798",-31,-2,55.0
E4_Acc,"1641384929,62923",-32,-1,55.0
E4_Acc,"1641384929,66048",-32,0,55.0
E4_Acc,"1641384929,69173",-32,-1,55.0
E4_Acc,"1641384929,72298",-32,-1,55.0
E4_Acc,"1641384929,75423",-31,-1,55.0
E4_Acc,"1641384929,78548",-31,-1,55.0
E4_Acc,"1641384929,81674",-32,-1,55.0
E4_Acc,"1641384929,84799",-32,-1,55.0
E4_Acc,"1641384929,87924",-32,-1,55.0
E4_Acc,"1641384929,91049",-31,-1,55.0
E4_Acc,"1641384929,94174",-31,-1,55.0
E4_Acc,"1641384929,97299",-33,-1,55.0
E4_Acc,"1641384930,00424",-32,-1,55.0
E4_Acc,"1641384930,0355",-32,-1,55.0
E4_Acc,"1641384930,06675",-31,-2,55.0
E4_Acc,"1641384930,098",-31,-1,55.0
E4_Acc,"1641384930,12925",-32,-1,55.0
E4_Acc,"1641384930,1605",-33,-1,55.0
E4_Acc,"1641384930,19175",-32,-1,55.0
E4_Acc,"1641384930,22301",-32,-1,55.0
E4_Acc,"1641384930,25426",-32,-2,55.0
E4_Acc,"1641384930,28551",-32,-1,55.0
E4_Acc,"1641384930,31676",-32,-1,55.0
E4_Acc,"1641384930,34801",-32,-1,55.0
E4_Acc,"1641384930,37926",-32,-1,55.0
E4_Acc,"1641384930,41051",-32,-1,56.0
E4_Acc,"1641384930,44177",-32,-1,54.0
E4_Acc,"1641384930,47302",-32,-1,55.0
E4_Acc,"1641384930,50427",-32,-1,55.0
E4_Acc,"1641384930,53552",-32,-1,55.0
E4_Acc,"1641384930,56677",-32,-1,55.0
E4_Acc,"1641384930,59802",-31,-1,55.0
E4_Acc,"1641384930,62927",-31,-1,55.0
E4_Acc,"1641384930,66053",-33,-1,55.0
E4_Acc,"1641384930,69178",-33,-1,55.0
E4_Acc,"1641384930,72303",-32,-1,55.0
E4_Acc,"1641384930,75428",-32,-2,55.0
E4_Acc,"1641384930,78553",-31,-2,55.0
E4_Acc,"1641384930,81678",-32,-1,55.0
E4_Acc,"1641384930,84803",-32,-1,56.0
E4_Acc,"1641384930,87929",-32,-1,55.0
E4_Acc,"1641384930,91054",-32,-1,55.0
E4_Acc,"1641384930,94179",-31,-2,55.0
E4_Acc,"1641384930,97304",-32,-2,55.0
E4_Acc,"1641384931,00429",-33,-1,55.0
E4_Acc,"1641384931,03554",-32,-1,55.0
E4_Acc,"1641384931,06679",-32,-1,55.0
E4_Acc,"1641384931,09805",-32,-2,55.0
E4_Acc,"1641384931,1293",-31,-1,55.0
E4_Acc,"1641384931,16055",-31,-1,55.0
E4_Acc,"1641384931,1918",-32,-1,55.0
E4_Acc,"1641384931,22305",-33,-1,55.0
E4_Acc,"1641384931,2543",-32,-1,55.0
E4_Acc,"1641384931,28555",-32,-2,55.0
E4_Acc,"1641384931,31681",-32,-2,55.0
E4_Acc,"1641384931,34806",-32,-1,56.0
E4_Acc,"1641384931,37931",-32,-1,55.0
E4_Acc,"1641384931,41056",-32,-2,55.0
E4_Acc,"1641384931,44181",-31,-2,55.0
E4_Acc,"1641384931,47306",-32,-2,55.0
E4_Acc,"1641384931,50431",-31,-1,55.0
E4_Acc,"1641384931,53557",-31,-1,55.0
E4_Acc,"1641384931,56682",-32,-1,55.0
E4_Acc,"1641384931,59807",-31,-2,55.0
E4_Acc,"1641384931,62932",-33,-2,55.0
E4_Acc,"1641384931,66057",-32,-1,56.0
E4_Acc,"1641384931,69182",-32,0,56.0
E4_Acc,"1641384931,72307",-32,-1,55.0
E4_Acc,"1641384931,75433",-31,-1,55.0
E4_Acc,"1641384931,78558",-31,-2,55.0
E4_Acc,"1641384931,81683",-32,-1,56.0
E4_Acc,"1641384931,84808",-33,-1,55.0
E4_Acc,"1641384931,87933",-32,-1,55.0
E4_Acc,"1641384931,91058",-32,-1,55.0
E4_Acc,"1641384931,94183",-31,-2,55.0
E4_Acc,"1641384931,97309",-31,-1,55.0
E4_Acc,"1641384932,00434",-32,-1,55.0
E4_Acc,"1641384932,03559",-32,-1,55.0
E4_Acc,"1641384932,06684",-32,-1,56.0
E4_Acc,"1641384932,09809",-31,-2,55.0
E4_Acc,"1641384932,12934",-31,-1,56.0
E4_Acc,"1641384932,16059",-31,-1,55.0
E4_Acc,"1641384932,19185",-32,-1,55.0
E4_Acc,"1641384932,2231",-32,-1,55.0
E4_Acc,"1641384932,25435",-32,0,55.0
E4_Acc,"1641384932,2856",-31,-1,56.0
E4_Acc,"1641384932,31685",-31,-1,55.0
E4_Acc,"1641384932,3481",-32,-1,55.0
E4_Acc,"1641384932,37935",-32,-1,55.0
E4_Acc,"1641384932,41061",-32,-1,55.0
E4_Acc,"1641384932,44186",-32,-1,55.0
E4_Acc,"1641384932,47311",-31,-1,55.0
E4_Acc,"1641384932,50436",-31,-1,55.0
E4_Acc,"1641384932,53561",-32,-1,55.0
E4_Acc,"1641384932,56686",-32,-1,55.0
E4_Acc,"1641384932,59811",-32,-1,55.0
E4_Acc,"1641384932,62937",-32,-1,55.0
E4_Acc,"1641384932,66062",-32,-1,55.0
E4_Acc,"1641384932,69187",-32,-1,55.0
E4_Acc,"1641384932,72312",-32,-1,55.0
E4_Acc,"1641384932,75437",-32,-1,55.0
E4_Acc,"1641384932,78562",-32,-1,55.0
E4_Acc,"1641384932,81687",-32,-2,55.0
E4_Acc,"1641384932,84813",-32,-1,55.0
E4_Acc,"1641384932,87938",-32,-1,55.0
E4_Acc,"1641384932,91063",-31,-1,55.0
E4_Acc,"1641384932,94188",-32,-2,55.0
E4_Acc,"1641384932,97313",-32,-1,55.0
E4_Acc,"1641384933,00438",-32,-1,55.0
E4_Acc,"1641384933,03564",-32,-1,55.0
E4_Acc,"1641384933,06689",-32,-1,55.0
E4_Acc,"1641384933,09814",-31,-2,55.0
E4_Acc,"1641384933,12939",-31,-2,55.0
E4_Acc,"1641384933,16064",-32,-1,55.0
E4_Acc,"1641384933,19189",-33,-1,55.0
E4_Acc,"1641384933,22314",-32,-1,55.0
E4_Acc,"1641384933,2544",-32,-1,55.0
E4_Acc,"1641384933,28565",-32,-1,55.0
E4_Acc,"1641384933,3169",-32,-1,55.0
E4_Acc,"1641384933,34815",-33,-1,55.0
E4_Acc,"1641384933,3794",-32,-1,55.0
E4_Acc,"1641384933,41065",-32,-1,55.0
E4_Acc,"1641384933,4419",-32,-1,55.0
E4_Acc,"1641384933,47316",-31,-1,55.0
E4_Acc,"1641384933,50441",-32,-1,55.0
E4_Acc,"1641384933,53566",-33,-1,55.0
E4_Acc,"1641384933,56691",-32,-1,55.0
E4_Acc,"1641384933,59816",-31,-1,55.0
E4_Acc,"1641384933,62941",-32,-1,55.0
E4_Acc,"1641384933,66066",-32,-1,55.0
E4_Acc,"1641384933,69192",-32,-1,55.0
E4_Acc,"1641384933,72317",-32,-1,55.0
E4_Acc,"1641384933,75442",-31,-2,55.0
E4_Acc,"1641384933,78567",-31,-1,55.0
E4_Acc,"1641384933,81692",-32,-1,55.0
E4_Acc,"1641384933,84817",-32,-1,55.0
E4_Acc,"1641384933,87942",-32,-1,55.0
E4_Acc,"1641384933,91068",-31,-2,55.0
E4_Acc,"1641384933,94193",-31,-2,55.0
E4_Acc,"1641384933,97318",-32,-1,55.0
E4_Acc,"1641384934,00443",-32,-1,55.0
E4_Acc,"1641384934,03568",-32,-1,55.0
E4_Acc,"1641384934,06693",-31,-1,55.0
E4_Acc,"1641384934,09818",-31,-2,55.0
E4_Acc,"1641384934,12944",-31,-1,55.0
E4_Acc,"1641384934,16069",-32,-1,55.0
E4_Acc,"1641384934,19194",-32,-1,55.0
E4_Acc,"1641384934,22319",-32,-1,55.0
E4_Acc,"1641384934,25444",-31,-1,55.0
E4_Acc,"1641384934,28569",-31,-2,55.0
E4_Acc,"1641384934,31694",-31,-1,55.0
E4_Acc,"1641384934,3482",-32,-1,55.0
E4_Acc,"1641384934,37945",-31,-1,55.0
E4_Acc,"1641384934,4107",-32,-1,55.0
E4_Acc,"1641384934,44195",-31,-1,55.0
E4_Acc,"1641384934,4732",-31,-1,56.0
E4_Acc,"1641384934,50445",-32,-1,55.0
E4_Acc,"1641384934,5357",-32,-1,55.0
E4_Acc,"1641384934,56696",-32,-1,55.0
E4_Acc,"1641384934,59821",-31,-1,55.0
E4_Acc,"1641384934,62946",-31,-2,55.0
E4_Acc,"1641384934,66071",-32,-1,55.0
E4_Acc,"1641384934,69196",-33,-1,55.0
E4_Acc,"1641384934,72321",-32,-1,55.0
E4_Acc,"1641384934,75446",-30,-2,55.0
E4_Acc,"1641384934,78572",-31,-2,56.0
E4_Acc,"1641384934,81697",-32,-2,55.0
E4_Acc,"1641384934,84822",-33,-1,55.0
E4_Acc,"1641384934,87947",-32,0,56.0
E4_Acc,"1641384934,91072",-32,-2,56.0
E4_Acc,"1641384934,94197",-32,-2,55.0
E4_Acc,"1641384934,97322",-30,-2,56.0
E4_Acc,"1641384935,00448",-30,-1,56.0
E4_Acc,"1641384935,03573",-33,-1,55.0
E4_Acc,"1641384935,06698",-34,-1,55.0
E4_Acc,"1641384935,09823",-32,-1,55.0
E4_Acc,"1641384935,12948",-30,-2,55.0
E4_Acc,"1641384935,16073",-31,-2,55.0
E4_Acc,"1641384935,19199",-32,-2,55.0
E4_Acc,"1641384935,22324",-31,-1,56.0
E4_Acc,"1641384935,25449",-31,-1,56.0
E4_Acc,"1641384935,28574",-34,-1,54.0
E4_Acc,"1641384935,31699",-32,-1,54.0
E4_Acc,"1641384935,34824",-30,-1,56.0
E4_Acc,"1641384935,37949",-32,-2,55.0
E4_Acc,"1641384935,41075",-32,-1,55.0
E4_Acc,"1641384935,442",-31,-1,56.0
E4_Acc,"1641384935,47325",-32,-1,55.0
E4_Acc,"1641384935,5045",-32,-1,55.0
E4_Acc,"1641384935,53575",-32,-2,55.0
E4_Acc,"1641384935,567",-31,-1,56.0
E4_Acc,"1641384935,59825",-32,-1,55.0
E4_Acc,"1641384935,62951",-32,-2,55.0
E4_Acc,"1641384935,66076",-31,-1,55.0
E4_Acc,"1641384935,69201",-31,-1,55.0
E4_Acc,"1641384935,72326",-32,-1,55.0
E4_Acc,"1641384935,75451",-32,-1,55.0
E4_Acc,"1641384935,78576",-31,-1,56.0
E4_Acc,"1641384935,81701",-31,-2,55.0
E4_Acc,"1641384935,84827",-31,-2,55.0
E4_Acc,"1641384935,87952",-32,-1,55.0
E4_Acc,"1641384935,91077",-32,-1,55.0
E4_Acc,"1641384935,94202",-32,-1,56.0
E4_Acc,"1641384935,97327",-31,-2,55.0
E4_Acc,"1641384936,00452",-31,-2,55.0
E4_Acc,"1641384936,03577",-32,-1,55.0
E4_Acc,"1641384936,06703",-31,-1,56.0
E4_Acc,"1641384936,09828",-31,-2,55.0
E4_Acc,"1641384936,12953",-31,-2,55.0
E4_Acc,"1641384936,16078",-31,-2,55.0
E4_Acc,"1641384936,19203",-32,-1,56.0
E4_Acc,"1641384936,22328",-33,-1,55.0
E4_Acc,"1641384936,25453",-32,-1,55.0
E4_Acc,"1641384936,28579",-31,-2,55.0
E4_Acc,"1641384936,31704",-31,-3,55.0
E4_Acc,"1641384936,34829",-31,-2,55.0
E4_Acc,"1641384936,37954",-32,-1,56.0
E4_Acc,"1641384936,41079",-32,-1,55.0
E4_Acc,"1641384936,44204",-32,-2,55.0
E4_Acc,"1641384936,47329",-31,-2,55.0
E4_Acc,"1641384936,50455",-31,-2,56.0
E4_Acc,"1641384936,5358",-32,-1,55.0
E4_Acc,"1641384936,56705",-31,-1,55.0
E4_Acc,"1641384936,5983",-31,-2,56.0
E4_Acc,"1641384936,62955",-32,-2,55.0
E4_Acc,"1641384936,6608",-31,-2,55.0
E4_Acc,"1641384936,69205",-31,-1,56.0
E4_Acc,"1641384936,72331",-31,-2,56.0
E4_Acc,"1641384936,75456",-31,-2,56.0
E4_Acc,"1641384936,78581",-31,-2,55.0
E4_Acc,"1641384936,81706",-31,-2,55.0
E4_Acc,"1641384936,84831",-32,-2,55.0
E4_Acc,"1641384936,87956",-32,-1,55.0
E4_Acc,"1641384936,91081",-32,-1,55.0
E4_Acc,"1641384936,94207",-31,-2,55.0
E4_Acc,"1641384936,97332",-30,-2,55.0
E4_Acc,"1641384937,00457",-31,-2,55.0
E4_Acc,"1641384937,03582",-31,-2,55.0
E4_Acc,"1641384937,06707",-32,-1,55.0
E4_Acc,"1641384937,09832",-31,-1,55.0
E4_Acc,"1641384937,12957",-31,-2,55.0
E4_Acc,"1641384937,16083",-32,-2,55.0
E4_Acc,"1641384937,19208",-32,-1,55.0
E4_Acc,"1641384937,22333",-31,-1,55.0
E4_Acc,"1641384937,25458",-31,-2,56.0
E4_Acc,"1641384937,28583",-32,-2,55.0
E4_Acc,"1641384937,31708",-31,-2,55.0
E4_Acc,"1641384937,34833",-31,-2,55.0
E4_Acc,"1641384937,37959",-32,-1,55.0
E4_Acc,"1641384937,41084",-32,-1,55.0
E4_Acc,"1641384937,44209",-32,-2,55.0
E4_Acc,"1641384937,47334",-31,-2,55.0
E4_Acc,"1641384937,50459",-31,-2,56.0
E4_Acc,"1641384937,53584",-32,-1,55.0
E4_Acc,"1641384937,5671",-32,-1,55.0
E4_Acc,"1641384937,59835",-31,-2,55.0
E4_Acc,"1641384937,6296",-31,-2,55.0
E4_Acc,"1641384937,66085",-31,-2,55.0
E4_Acc,"1641384937,6921",-32,-2,55.0
E4_Acc,"1641384937,72335",-32,-1,55.0
E4_Acc,"1641384937,7546",-31,-1,55.0
E4_Acc,"1641384937,78586",-32,-1,55.0
E4_Acc,"1641384937,81711",-32,-2,55.0
E4_Acc,"1641384937,84836",-31,-2,56.0
E4_Acc,"1641384937,87961",-31,-1,55.0
E4_Acc,"1641384937,91086",-32,-1,55.0
E4_Acc,"1641384937,94211",-32,-1,55.0
E4_Acc,"1641384937,97336",-32,-1,55.0
E4_Acc,"1641384938,00462",-31,-2,56.0
E4_Acc,"1641384938,03587",-31,-2,56.0
E4_Acc,"1641384938,06712",-32,-1,55.0
E4_Acc,"1641384938,09837",-32,-1,55.0
E4_Acc,"1641384938,12962",-31,-2,56.0
E4_Acc,"1641384938,16087",-31,-2,56.0
E4_Acc,"1641384938,19212",-32,-1,55.0
E4_Acc,"1641384938,22338",-31,-1,56.0
E4_Acc,"1641384938,25463",-31,-2,56.0
E4_Acc,"1641384938,28588",-31,-2,55.0
E4_Acc,"1641384938,31713",-31,-2,55.0
E4_Acc,"1641384938,34838",-32,-1,56.0
E4_Acc,"1641384938,37963",-31,-2,55.0
E4_Acc,"1641384938,41088",-31,-2,55.0
E4_Acc,"1641384938,44214",-31,-2,56.0
E4_Acc,"1641384938,47339",-31,-2,55.0
E4_Acc,"1641384938,50464",-31,-2,55.0
E4_Acc,"1641384938,53589",-31,-2,56.0
E4_Acc,"1641384938,56714",-31,-1,56.0
E4_Acc,"1641384938,59839",-32,-1,55.0
E4_Acc,"1641384938,62964",-31,-2,55.0
E4_Acc,"1641384938,6609",-31,-1,56.0
E4_Acc,"1641384938,69215",-31,-2,55.0
E4_Acc,"1641384938,7234",-31,-2,56.0
E4_Acc,"1641384938,75465",-31,-2,56.0
E4_Acc,"1641384938,7859",-32,-1,56.0
E4_Acc,"1641384938,81715",-31,-1,56.0
E4_Acc,"1641384938,8484",-31,-1,55.0
E4_Acc,"1641384938,87966",-31,-3,55.0
E4_Acc,"1641384938,91091",-31,-2,55.0
E4_Acc,"1641384938,94216",-31,-1,55.0
E4_Acc,"1641384938,97341",-32,-2,55.0
E4_Acc,"1641384939,00466",-31,-2,55.0
E4_Acc,"1641384939,03591",-31,-2,55.0
E4_Acc,"1641384939,06716",-31,-2,55.0
E4_Acc,"1641384939,09842",-31,-2,56.0
E4_Acc,"1641384939,12967",-31,-1,55.0
E4_Acc,"1641384939,16092",-32,-2,55.0
E4_Acc,"1641384939,19217",-31,-2,55.0
E4_Acc,"1641384939,22342",-31,-2,55.0
E4_Acc,"1641384939,25467",-30,-1,56.0
E4_Acc,"1641384939,28592",-32,-2,55.0
E4_Acc,"1641384939,31718",-32,-2,55.0
E4_Acc,"1641384939,34843",-31,-1,56.0
E4_Acc,"1641384939,37968",-31,-1,56.0
E4_Acc,"1641384939,41093",-32,-2,55.0
E4_Acc,"1641384939,44218",-32,-2,56.0
E4_Acc,"1641384939,47343",-31,-1,56.0
E4_Acc,"1641384939,50468",-31,-1,56.0
E4_Acc,"1641384939,53594",-31,-2,55.0
E4_Acc,"1641384939,56719",-32,-2,55.0
E4_Acc,"1641384939,59844",-32,-2,55.0
E4_Acc,"1641384939,62969",-31,-1,55.0
E4_Acc,"1641384939,66094",-31,-2,55.0
E4_Acc,"1641384939,69219",-32,-2,55.0
E4_Acc,"1641384939,72344",-30,-2,56.0
E4_Acc,"1641384939,7547",-30,-2,56.0
E4_Acc,"1641384939,78595",-32,-1,55.0
E4_Acc,"1641384939,8172",-32,-1,55.0
E4_Acc,"1641384939,84845",-31,-1,55.0
E4_Acc,"1641384939,8797",-31,-2,55.0
E4_Acc,"1641384939,91095",-31,-2,55.0
E4_Acc,"1641384939,9422",-32,-2,55.0
E4_Acc,"1641384939,97346",-32,-1,56.0
E4_Acc,"1641384940,00471",-31,-1,56.0
E4_Acc,"1641384940,03596",-31,-2,55.0
E4_Acc,"1641384940,06721",-31,-2,55.0
E4_Acc,"1641384940,09846",-31,-2,56.0
E4_Acc,"1641384940,12971",-31,-1,56.0
E4_Acc,"1641384940,16097",-33,-1,55.0
E4_Acc,"1641384940,19222",-31,-1,55.0
E4_Acc,"1641384940,22347",-30,-2,55.0
E4_Acc,"1641384940,25472",-31,-2,56.0
E4_Acc,"1641384940,28597",-31,-2,55.0
E4_Acc,"1641384940,31722",-32,-1,55.0
E4_Acc,"1641384940,34847",-32,-1,55.0
E4_Acc,"1641384940,37973",-30,-2,55.0
E4_Acc,"1641384940,41098",-32,-2,55.0
E4_Acc,"1641384940,44223",-32,-1,55.0
E4_Acc,"1641384940,47348",-32,-1,55.0
E4_Acc,"1641384940,50473",-32,-1,55.0
E4_Acc,"1641384940,53598",-31,-2,56.0
E4_Acc,"1641384940,56723",-31,-2,55.0
E4_Acc,"1641384940,59849",-31,-3,55.0
E4_Acc,"1641384940,62974",-32,-2,55.0
E4_Acc,"1641384940,66099",-33,-1,55.0
E4_Acc,"1641384940,69224",-32,-1,55.0
E4_Acc,"1641384940,72349",-31,-2,56.0
E4_Acc,"1641384940,75474",-31,-2,56.0
E4_Acc,"1641384940,78599",-31,-2,55.0
E4_Acc,"1641384940,81725",-32,-2,55.0
E4_Acc,"1641384940,8485",-32,0,56.0
E4_Acc,"1641384940,87975",-32,-1,56.0
E4_Acc,"1641384940,911",-31,-1,55.0
E4_Acc,"1641384940,94225",-32,-2,55.0
E4_Acc,"1641384940,9735",-32,-2,55.0
E4_Acc,"1641384941,00475",-32,-1,55.0
E4_Acc,"1641384941,03601",-32,-1,56.0
E4_Acc,"1641384941,06726",-31,-2,55.0
E4_Acc,"1641384941,09851",-31,-2,55.0
E4_Acc,"1641384941,12976",-32,-2,55.0
E4_Acc,"1641384941,16101",-33,-1,55.0
E4_Acc,"1641384941,19226",-32,-1,55.0
E4_Acc,"1641384941,22351",-31,-2,55.0
E4_Acc,"1641384941,25477",-31,-2,55.0
E4_Acc,"1641384941,28602",-31,-2,55.0
E4_Acc,"1641384941,31727",-32,-1,55.0
E4_Acc,"1641384941,34852",-31,-1,55.0
E4_Acc,"1641384941,37977",-32,-1,55.0
E4_Acc,"1641384941,41102",-32,-2,55.0
E4_Acc,"1641384941,44227",-30,-2,56.0
E4_Acc,"1641384941,47353",-32,-1,55.0
E4_Acc,"1641384941,50478",-32,-1,55.0
E4_Acc,"1641384941,53603",-32,-1,55.0
E4_Acc,"1641384941,56728",-31,-1,55.0
E4_Acc,"1641384941,59853",-31,-2,56.0
E4_Acc,"1641384941,62978",-32,-2,55.0
E4_Acc,"1641384941,66103",-33,-1,55.0
E4_Acc,"1641384941,69229",-32,-1,55.0
E4_Acc,"1641384941,72354",-32,-2,55.0
E4_Acc,"1641384941,75479",-31,-2,55.0
E4_Acc,"1641384941,78604",-31,-2,55.0
E4_Acc,"1641384941,81729",-31,-1,55.0
E4_Acc,"1641384941,84854",-30,0,56.0
E4_Acc,"1641384941,87979",-30,0,56.0
E4_Acc,"1641384941,91105",-31,-1,56.0
E4_Acc,"1641384941,9423",-33,-2,55.0
E4_Acc,"1641384941,97355",-32,-1,55.0
E4_Acc,"1641384942,0048",-32,-1,55.0
E4_Acc,"1641384942,03605",-32,-1,55.0
E4_Acc,"1641384942,0673",-32,-2,55.0
E4_Acc,"1641384942,09855",-31,-2,55.0
E4_Acc,"1641384942,12981",-32,-1,55.0
E4_Acc,"1641384942,16106",-32,-1,55.0
E4_Acc,"1641384942,19231",-32,-1,55.0
E4_Acc,"1641384942,22356",-32,-1,56.0
E4_Acc,"1641384942,25481",-31,-2,55.0
E4_Acc,"1641384942,28606",-32,-2,55.0
E4_Acc,"1641384942,31731",-32,-2,55.0
E4_Acc,"1641384942,34857",-32,-1,55.0
E4_Acc,"1641384942,37982",-32,-1,55.0
E4_Acc,"1641384942,41107",-31,-2,55.0
E4_Acc,"1641384942,44232",-31,-2,55.0
E4_Acc,"1641384942,47357",-31,-2,55.0
E4_Acc,"1641384942,50482",-32,-1,55.0
E4_Acc,"1641384942,53608",-32,-1,55.0
E4_Acc,"1641384942,56733",-32,-2,55.0
E4_Acc,"1641384942,59858",-32,-2,55.0
E4_Acc,"1641384942,62983",-32,-2,55.0
E4_Acc,"1641384942,66108",-33,-1,55.0
E4_Acc,"1641384942,69233",-32,-1,55.0
E4_Acc,"1641384942,72358",-32,-2,55.0
E4_Acc,"1641384942,75484",-30,-2,55.0
E4_Acc,"1641384942,78609",-31,-2,55.0
E4_Acc,"1641384942,81734",-32,-1,55.0
E4_Acc,"1641384942,84859",-32,-1,55.0
E4_Acc,"1641384942,87984",-32,-1,55.0
E4_Acc,"1641384942,91109",-32,-2,55.0
E4_Acc,"1641384942,94234",-31,-2,55.0
E4_Acc,"1641384942,9736",-32,-2,55.0
E4_Acc,"1641384943,00485",-32,-1,55.0
E4_Acc,"1641384943,0361",-32,-1,55.0
E4_Acc,"1641384943,06735",-32,-2,55.0
E4_Acc,"1641384943,0986",-31,-2,55.0
E4_Acc,"1641384943,12985",-32,-2,55.0
E4_Acc,"1641384943,1611",-32,-2,55.0
E4_Acc,"1641384943,19236",-32,-1,55.0
E4_Acc,"1641384943,22361",-31,-1,55.0
E4_Acc,"1641384943,25486",-31,-2,55.0
E4_Acc,"1641384943,28611",-31,-2,56.0
E4_Acc,"1641384943,31736",-32,-1,55.0
E4_Acc,"1641384943,34861",-33,-1,55.0
E4_Acc,"1641384943,37986",-32,-1,55.0
E4_Acc,"1641384943,41112",-31,-2,55.0
E4_Acc,"1641384943,44237",-31,-2,55.0
E4_Acc,"1641384943,47362",-32,-2,55.0
E4_Acc,"1641384943,50487",-32,-1,55.0
E4_Acc,"1641384943,53612",-32,-1,55.0
E4_Acc,"1641384943,56737",-32,-1,55.0
E4_Acc,"1641384943,59862",-31,-2,55.0
E4_Acc,"1641384943,62988",-31,-2,56.0
E4_Acc,"1641384943,66113",-32,-1,55.0
E4_Acc,"1641384943,69238",-33,-1,55.0
E4_Acc,"1641384943,72363",-32,-1,55.0
E4_Acc,"1641384943,75488",-31,-2,55.0
E4_Acc,"1641384943,78613",-31,-2,55.0
E4_Acc,"1641384943,81738",-31,-1,56.0
E4_Acc,"1641384943,84864",-31,-1,55.0
E4_Acc,"1641384943,87989",-32,-1,55.0
E4_Acc,"1641384943,91114",-31,-1,56.0
E4_Acc,"1641384943,94239",-31,-2,55.0
E4_Acc,"1641384943,97364",-32,-2,55.0
E4_Acc,"1641384944,00489",-31,-1,56.0
E4_Acc,"1641384944,03614",-32,-1,55.0
E4_Acc,"1641384944,0674",-32,-2,55.0
E4_Acc,"1641384944,09865",-32,-2,55.0
E4_Acc,"1641384944,1299",-32,-2,55.0
E4_Acc,"1641384944,16115",-32,-1,56.0
E4_Acc,"1641384944,1924",-31,-2,55.0
E4_Acc,"1641384944,22365",-31,-2,54.0
E4_Acc,"1641384944,2549",-32,-2,55.0
E4_Acc,"1641384944,28616",-32,-1,55.0
E4_Acc,"1641384944,31741",-32,0,56.0
E4_Acc,"1641384944,34866",-32,-1,55.0
E4_Acc,"1641384944,37991",-31,-2,56.0
E4_Acc,"1641384944,41116",-31,-2,55.0
E4_Acc,"1641384944,44241",-32,-1,55.0
E4_Acc,"1641384944,47366",-32,-1,56.0
E4_Acc,"1641384944,50492",-32,-1,56.0
E4_Acc,"1641384944,53617",-32,-1,55.0
E4_Acc,"1641384944,56742",-31,-2,55.0
E4_Acc,"1641384944,59867",-31,-2,55.0
E4_Acc,"1641384944,62992",-33,-1,55.0
E4_Acc,"1641384944,66117",-32,-1,55.0
E4_Acc,"1641384944,69242",-32,-1,55.0
E4_Acc,"1641384944,72368",-31,-1,55.0
E4_Acc,"1641384944,75493",-31,-2,55.0
E4_Acc,"1641384944,78618",-31,-1,55.0
E4_Acc,"1641384944,81743",-32,-1,55.0
E4_Acc,"1641384944,84868",-32,-1,55.0
E4_Acc,"1641384944,87993",-32,-1,55.0
E4_Acc,"1641384944,91119",-32,-1,55.0
E4_Acc,"1641384944,94244",-32,-1,55.0
E4_Acc,"1641384944,97369",-31,-1,55.0
E4_Acc,"1641384945,00494",-30,-2,55.0
E4_Acc,"1641384945,03619",-31,-3,55.0
E4_Acc,"1641384945,06744",-32,-2,55.0
E4_Acc,"1641384945,09869",-33,-1,55.0
E4_Acc,"1641384945,12995",-32,-1,56.0
E4_Acc,"1641384945,1612",-30,-2,56.0
E4_Acc,"1641384945,19245",-31,-3,55.0
E4_Acc,"1641384945,2237",-32,-2,55.0
E4_Acc,"1641384945,25495",-32,-1,55.0
E4_Acc,"1641384945,2862",-31,0,56.0
E4_Acc,"1641384945,31745",-30,-2,56.0
E4_Acc,"1641384945,34871",-30,-3,56.0
E4_Acc,"1641384945,37996",-31,-2,55.0
E4_Acc,"1641384945,41121",-31,-1,56.0
E4_Acc,"1641384945,44246",-32,-1,55.0
E4_Acc,"1641384945,47371",-32,-2,55.0
E4_Acc,"1641384945,50496",-31,-2,55.0
E4_Acc,"1641384945,53621",-30,-2,56.0
E4_Acc,"1641384945,56747",-30,-1,56.0
E4_Acc,"1641384945,59872",-33,-2,55.0
E4_Acc,"1641384945,62997",-32,-1,55.0
E4_Acc,"1641384945,66122",-30,-2,56.0
E4_Acc,"1641384945,69247",-31,-2,56.0
E4_Acc,"1641384945,72372",-32,-2,55.0
E4_Acc,"1641384945,75497",-31,-2,56.0
E4_Acc,"1641384945,78623",-31,-2,55.0
E4_Acc,"1641384945,81748",-31,-2,56.0
E4_Acc,"1641384945,84873",-31,-2,55.0
E4_Acc,"1641384945,87998",-31,-2,55.0
E4_Acc,"1641384945,91123",-31,-2,55.0
E4_Acc,"1641384945,94248",-31,-2,55.0
E4_Acc,"1641384945,97373",-31,-2,56.0
E4_Acc,"1641384946,00499",-31,-2,55.0
E4_Acc,"1641384946,03624",-31,-2,55.0
E4_Acc,"1641384946,06749",-31,-1,56.0
E4_Acc,"1641384946,09874",-31,-1,56.0
E4_Acc,"1641384946,12999",-32,-1,55.0
E4_Acc,"1641384946,16124",-31,-1,55.0
E4_Acc,"1641384946,19249",-31,-2,56.0
E4_Acc,"1641384946,22375",-31,-2,55.0
E4_Acc,"1641384946,255",-31,-2,55.0
E4_Acc,"1641384946,28625",-31,-1,56.0
E4_Acc,"1641384946,3175",-31,-2,55.0
E4_Acc,"1641384946,34875",-32,-2,55.0
E4_Acc,"1641384946,38",-31,-1,56.0
E4_Acc,"1641384946,41125",-31,-1,56.0
E4_Acc,"1641384946,44251",-31,-2,55.0
E4_Acc,"1641384946,47376",-32,-2,55.0
E4_Acc,"1641384946,50501",-31,-2,56.0
E4_Acc,"1641384946,53626",-30,-2,56.0
E4_Acc,"1641384946,56751",-30,-2,56.0
E4_Acc,"1641384946,59876",-32,-2,55.0
E4_Acc,"1641384946,63001",-31,-2,55.0
E4_Acc,"1641384946,66127",-31,-2,56.0
E4_Acc,"1641384946,69252",-31,-2,56.0
E4_Acc,"1641384946,72377",-31,-2,55.0
E4_Acc,"1641384946,75502",-30,-2,56.0
E4_Acc,"1641384946,78627",-29,-2,56.0
E4_Acc,"1641384946,81752",-30,-3,56.0
E4_Acc,"1641384946,84877",-31,-2,56.0
E4_Acc,"1641384946,88003",-32,-2,55.0
E4_Acc,"1641384946,91128",-32,-2,55.0
E4_Acc,"1641384946,94253",-32,-2,55.0
E4_Acc,"1641384946,97378",-31,-2,55.0
E4_Acc,"1641384947,00503",-32,-2,55.0
E4_Acc,"1641384947,03628",-32,-2,55.0
E4_Acc,"1641384947,06753",-32,-2,55.0
E4_Acc,"1641384947,09879",-31,-1,56.0
E4_Acc,"1641384947,13004",-31,-2,56.0
E4_Acc,"1641384947,16129",-31,-2,55.0
E4_Acc,"1641384947,19254",-32,-2,55.0
E4_Acc,"1641384947,22379",-31,-2,55.0
E4_Acc,"1641384947,25504",-31,-2,55.0
E4_Acc,"1641384947,28629",-33,-2,55.0
E4_Acc,"1641384947,31755",-32,-2,55.0
E4_Acc,"1641384947,3488",-32,-2,55.0
E4_Acc,"1641384947,38005",-33,-1,55.0
E4_Acc,"1641384947,4113",-32,-2,55.0
E4_Acc,"1641384947,44255",-32,-2,56.0
E4_Acc,"1641384947,4738",-31,-2,56.0
E4_Acc,"1641384947,50506",-31,-2,55.0
E4_Acc,"1641384947,53631",-32,-2,55.0
E4_Acc,"1641384947,56756",-33,-2,55.0
E4_Acc,"1641384947,59881",-32,-2,55.0
E4_Acc,"1641384947,63006",-31,-2,55.0
E4_Acc,"1641384947,66131",-32,-2,55.0
E4_Acc,"1641384947,69256",-33,-1,55.0
E4_Acc,"1641384947,72382",-33,-1,55.0
E4_Acc,"1641384947,75507",-32,-1,55.0
E4_Acc,"1641384947,78632",-32,-2,55.0
E4_Acc,"1641384947,81757",-32,-2,55.0
E4_Acc,"1641384947,84882",-32,-1,55.0
E4_Acc,"1641384947,88007",-31,-2,55.0
E4_Acc,"1641384947,91132",-31,-2,55.0
E4_Acc,"1641384947,94258",-32,-3,55.0
E4_Acc,"1641384947,97383",-32,-2,55.0
E4_Acc,"1641384948,00508",-32,-1,56.0
E4_Acc,"1641384948,03633",-32,-1,55.0
E4_Acc,"1641384948,06758",-32,-2,55.0
E4_Acc,"1641384948,09883",-31,-2,56.0
E4_Acc,"1641384948,13008",-32,-2,55.0
E4_Acc,"1641384948,16134",-32,-2,55.0
E4_Acc,"1641384948,19259",-32,-2,55.0
E4_Acc,"1641384948,22384",-32,-3,55.0
E4_Acc,"1641384948,25509",-31,-3,55.0
E4_Acc,"1641384948,28634",-32,-3,55.0
E4_Acc,"1641384948,31759",-32,-3,55.0
E4_Acc,"1641384948,34884",-33,-2,55.0
E4_Acc,"1641384948,3801",-33,-3,55.0
E4_Acc,"1641384948,41135",-34,-3,55.0
E4_Acc,"1641384948,4426",-34,-3,54.0
E4_Acc,"1641384948,47385",-32,-2,55.0
E4_Acc,"1641384948,5051",-32,-3,55.0
E4_Acc,"1641384948,53635",-33,-2,54.0
E4_Acc,"1641384948,5676",-33,-2,55.0
E4_Acc,"1641384948,59886",-33,-2,54.0
E4_Acc,"1641384948,63011",-33,-3,55.0
E4_Acc,"1641384948,66136",-32,-2,55.0
E4_Acc,"1641384948,69261",-33,-2,55.0
E4_Acc,"1641384948,72386",-33,-2,55.0
E4_Acc,"1641384948,75511",-32,-2,55.0
E4_Acc,"1641384948,78636",-32,-3,55.0
E4_Acc,"1641384948,81762",-33,-3,55.0
E4_Acc,"1641384948,84887",-34,-1,54.0
E4_Acc,"1641384948,88012",-33,-2,54.0
E4_Acc,"1641384948,91137",-33,-3,55.0
E4_Acc,"1641384948,94262",-33,-2,54.0
E4_Acc,"1641384948,97387",-33,-2,55.0
E4_Acc,"1641384949,00512",-32,-3,55.0
E4_Acc,"1641384949,03638",-32,-2,55.0
E4_Acc,"1641384949,06763",-32,-2,55.0
E4_Acc,"1641384949,09888",-33,-2,54.0
E4_Acc,"1641384949,13013",-33,-2,55.0
E4_Acc,"1641384949,16138",-33,-2,55.0
E4_Acc,"1641384949,19263",-32,-2,55.0
E4_Acc,"1641384949,22388",-32,-3,55.0
E4_Acc,"1641384949,25514",-33,-2,55.0
E4_Acc,"1641384949,28639",-32,-2,55.0
E4_Acc,"1641384949,31764",-32,-3,54.0
E4_Acc,"1641384949,34889",-32,-3,54.0
E4_Acc,"1641384949,38014",-32,-1,56.0
E4_Acc,"1641384949,41139",-32,-1,56.0
E4_Acc,"1641384949,44264",-32,-3,55.0
E4_Acc,"1641384949,4739",-33,-3,55.0
E4_Acc,"1641384949,50515",-33,-2,55.0
E4_Acc,"1641384949,5364",-31,-2,55.0
E4_Acc,"1641384949,56765",-32,-2,55.0
E4_Acc,"1641384949,5989",-32,-3,55.0
E4_Acc,"1641384949,63015",-32,-3,55.0
E4_Acc,"1641384949,6614",-31,-2,55.0
E4_Acc,"1641384949,69266",-32,-2,55.0
E4_Acc,"1641384949,72391",-33,-2,55.0
E4_Acc,"1641384949,75516",-32,-2,55.0
E4_Acc,"1641384949,78641",-32,-2,55.0
E4_Acc,"1641384949,81766",-32,-2,55.0
E4_Acc,"1641384949,84891",-32,-2,55.0
E4_Acc,"1641384949,88017",-32,-2,55.0
E4_Acc,"1641384949,91142",-31,-2,55.0
E4_Acc,"1641384949,94267",-32,-3,55.0
E4_Acc,"1641384949,97392",-32,-3,55.0
E4_Acc,"1641384950,00517",-32,-3,55.0
E4_Acc,"1641384950,03642",-32,-2,55.0
E4_Acc,"1641384950,06767",-31,-2,56.0
E4_Acc,"1641384950,09893",-31,-3,55.0
E4_Acc,"1641384950,13018",-32,-3,55.0
E4_Acc,"1641384950,16143",-32,-2,55.0
E4_Acc,"1641384950,19268",-32,-2,55.0
E4_Acc,"1641384950,22393",-31,-3,56.0
E4_Acc,"1641384950,25518",-31,-3,55.0
E4_Acc,"1641384950,28643",-32,-3,55.0
E4_Acc,"1641384950,31769",-32,-3,55.0
E4_Acc,"1641384950,34894",-32,-2,55.0
E4_Acc,"1641384950,38019",-31,-2,56.0
E4_Acc,"1641384950,41144",-31,-2,56.0
E4_Acc,"1641384950,44269",-31,-3,55.0
E4_Acc,"1641384950,47394",-32,-3,55.0
E4_Acc,"1641384950,50519",-32,-3,55.0
E4_Acc,"1641384950,53645",-32,-3,55.0
E4_Acc,"1641384950,5677",-32,-2,56.0
E4_Acc,"1641384950,59895",-31,-2,56.0
E4_Acc,"1641384950,6302",-31,-3,55.0
E4_Acc,"1641384950,66145",-31,-3,55.0
E4_Acc,"1641384950,6927",-31,-4,54.0
E4_Acc,"1641384950,72395",-32,-3,55.0
E4_Acc,"1641384950,75521",-31,-2,56.0
E4_Acc,"1641384950,78646",-31,-2,57.0
E4_Acc,"1641384950,81771",-32,-2,56.0
E4_Acc,"1641384950,84896",-32,-2,56.0
E4_Acc,"1641384950,88021",-32,-3,55.0
E4_Acc,"1641384950,91146",-31,-3,55.0
E4_Acc,"1641384950,94271",-31,-3,55.0
E4_Acc,"1641384950,97397",-31,-3,55.0
E4_Acc,"1641384951,00522",-31,-4,55.0
E4_Acc,"1641384951,03647",-32,-4,55.0
E4_Acc,"1641384951,06772",-32,-3,55.0
E4_Acc,"1641384951,09897",-31,-4,56.0
E4_Acc,"1641384951,13022",-32,-3,55.0
E4_Acc,"1641384951,16147",-31,-4,55.0
E4_Acc,"1641384951,19273",-31,-4,55.0
E4_Acc,"1641384951,22398",-31,-4,55.0
E4_Acc,"1641384951,25523",-31,-4,55.0
E4_Acc,"1641384951,28648",-31,-4,56.0
E4_Acc,"1641384951,31773",-31,-3,55.0
E4_Acc,"1641384951,34898",-31,-3,55.0
E4_Acc,"1641384951,38023",-31,-3,56.0
E4_Acc,"1641384951,41149",-31,-4,55.0
E4_Acc,"1641384951,44274",-31,-4,55.0
E4_Acc,"1641384951,47399",-32,-4,54.0
E4_Acc,"1641384951,50524",-32,-4,55.0
E4_Acc,"1641384951,53649",-32,-3,55.0
E4_Acc,"1641384951,56774",-31,-3,56.0
E4_Acc,"1641384951,59899",-31,-3,56.0
E4_Acc,"1641384951,63025",-31,-3,55.0
E4_Acc,"1641384951,6615",-32,-4,54.0
E4_Acc,"1641384951,69275",-32,-4,54.0
E4_Acc,"1641384951,724",-32,-3,55.0
E4_Acc,"1641384951,75525",-32,-3,56.0
E4_Acc,"1641384951,7865",-31,-3,56.0
E4_Acc,"1641384951,81775",-32,-3,56.0
E4_Acc,"1641384951,84901",-32,-3,55.0
E4_Acc,"1641384951,88026",-32,-3,55.0
E4_Acc,"1641384951,91151",-32,-3,55.0
E4_Acc,"1641384951,94276",-32,-2,55.0
E4_Acc,"1641384951,97401",-32,-3,55.0
E4_Acc,"1641384952,00526",-31,-3,56.0
E4_Acc,"1641384952,03652",-32,-3,55.0
E4_Acc,"1641384952,06777",-32,-3,54.0
E4_Acc,"1641384952,09902",-32,-3,54.0
E4_Acc,"1641384952,13027",-32,-3,54.0
E4_Acc,"1641384952,16152",-32,-3,55.0
E4_Acc,"1641384952,19277",-32,1,61.0
E4_Acc,"1641384952,22402",-29,-1,55.0
E4_Acc,"1641384952,25528",-33,-3,55.0
E4_Acc,"1641384952,28653",-34,-2,54.0
E4_Acc,"1641384952,31778",-32,-2,55.0
E4_Acc,"1641384952,34903",-31,-2,55.0
E4_Acc,"1641384952,38028",-31,-2,56.0
E4_Acc,"1641384952,41153",-32,-2,55.0
E4_Acc,"1641384952,44278",-33,-2,55.0
E4_Acc,"1641384952,47404",-32,-2,55.0
E4_Acc,"1641384952,50529",-31,-2,55.0
E4_Acc,"1641384952,53654",-32,-2,55.0
E4_Acc,"1641384952,56779",-31,-3,55.0
E4_Acc,"1641384952,59904",-31,-2,55.0
E4_Acc,"1641384952,63029",-32,-2,55.0
E4_Acc,"1641384952,66154",-32,-2,55.0
E4_Acc,"1641384952,6928",-32,-2,55.0
E4_Acc,"1641384952,72405",-32,-2,55.0
E4_Acc,"1641384952,7553",-32,-2,55.0
E4_Acc,"1641384952,78655",-32,-2,55.0
E4_Acc,"1641384952,8178",-32,-2,55.0
E4_Acc,"1641384952,84905",-32,-2,55.0
E4_Acc,"1641384952,8803",-32,-2,55.0
E4_Acc,"1641384952,91156",-32,-2,55.0
E4_Acc,"1641384952,94281",-32,-2,55.0
E4_Acc,"1641384952,97406",-32,-2,55.0
E4_Acc,"1641384953,00531",-31,-2,55.0
E4_Acc,"1641384953,03656",-32,-3,55.0
E4_Acc,"1641384953,06781",-32,-2,55.0
E4_Acc,"1641384953,09906",-32,-2,56.0
E4_Acc,"1641384953,13032",-32,-2,55.0
E4_Acc,"1641384953,16157",-31,-3,55.0
E4_Acc,"1641384953,19282",-31,-3,55.0
E4_Acc,"1641384953,22407",-31,-3,56.0
E4_Acc,"1641384953,25532",-31,-3,56.0
E4_Acc,"1641384953,28657",-31,-3,55.0
E4_Acc,"1641384953,31782",-32,-2,56.0
E4_Acc,"1641384953,34908",-32,-2,55.0
E4_Acc,"1641384953,38033",-31,-3,55.0
E4_Acc,"1641384953,41158",-31,-3,55.0
E4_Acc,"1641384953,44283",-31,-3,56.0
E4_Acc,"1641384953,47408",-32,-3,55.0
E4_Acc,"1641384953,50533",-32,-3,55.0
E4_Acc,"1641384953,53658",-32,-3,55.0
E4_Acc,"1641384953,56784",-32,-3,55.0
E4_Acc,"1641384953,59909",-31,-3,55.0
E4_Acc,"1641384953,63034",-31,-3,55.0
E4_Acc,"1641384953,66159",-32,-3,56.0
E4_Acc,"1641384953,69284",-33,-2,55.0
E4_Acc,"1641384953,72409",-33,-3,54.0
E4_Acc,"1641384953,75534",-32,-3,54.0
E4_Acc,"1641384953,7866",-31,-4,54.0
E4_Acc,"1641384953,81785",-30,-3,55.0
E4_Acc,"1641384953,8491",-31,-3,56.0
E4_Acc,"1641384953,88035",-31,-3,56.0
E4_Acc,"1641384953,9116",-33,-2,56.0
E4_Acc,"1641384953,94285",-34,-2,55.0
E4_Acc,"1641384953,9741",-32,-3,55.0
E4_Acc,"1641384954,00536",-31,-2,55.0
E4_Acc,"1641384954,03661",-32,-3,55.0
E4_Acc,"1641384954,06786",-32,-2,55.0
E4_Acc,"1641384954,09911",-32,-2,56.0
E4_Acc,"1641384954,13036",-32,-3,55.0
E4_Acc,"1641384954,16161",-32,-3,55.0
E4_Acc,"1641384954,19286",-33,-3,55.0
E4_Acc,"1641384954,22412",-31,-3,55.0
E4_Acc,"1641384954,25537",-31,-2,56.0
E4_Acc,"1641384954,28662",-32,-3,55.0
E4_Acc,"1641384954,31787",-32,-3,54.0
E4_Acc,"1641384954,34912",-32,-2,55.0
E4_Acc,"1641384954,38037",-32,-2,55.0
E4_Acc,"1641384954,41162",-32,-2,55.0
E4_Acc,"1641384954,44288",-33,-3,55.0
E4_Acc,"1641384954,47413",-32,-3,55.0
E4_Acc,"1641384954,50538",-32,-3,55.0
E4_Acc,"1641384954,53663",-32,-2,55.0
E4_Acc,"1641384954,56788",-32,-2,55.0
E4_Acc,"1641384954,59913",-33,-3,55.0
E4_Acc,"1641384954,63038",-32,-3,55.0
E4_Acc,"1641384954,66164",-31,-2,56.0
E4_Acc,"1641384954,69289",-31,-2,56.0
E4_Acc,"1641384954,72414",-33,-3,54.0
E4_Acc,"1641384954,75539",-32,-2,55.0
E4_Acc,"1641384954,78664",-32,-2,55.0
E4_Acc,"1641384954,81789",-32,-2,55.0
E4_Acc,"1641384954,84915",-33,-3,55.0
E4_Acc,"1641384954,8804",-32,-3,54.0
E4_Acc,"1641384954,91165",-32,-3,54.0
E4_Acc,"1641384954,9429",-32,-2,55.0
E4_Acc,"1641384954,97415",-33,-2,55.0
E4_Acc,"1641384955,0054",-32,-2,55.0
E4_Acc,"1641384955,03665",-32,-3,55.0
E4_Acc,"1641384955,06791",-33,-3,55.0
E4_Acc,"1641384955,09916",-33,-2,54.0
E4_Acc,"1641384955,13041",-33,-2,55.0
E4_Acc,"1641384955,16166",-33,-3,55.0
E4_Acc,"1641384955,19291",-32,-3,55.0
E4_Acc,"1641384955,22416",-32,-2,55.0
E4_Acc,"1641384955,25541",-33,-2,54.0
E4_Acc,"1641384955,28667",-33,-2,54.0
E4_Acc,"1641384955,31792",-32,-3,55.0
E4_Acc,"1641384955,34917",-32,-3,55.0
E4_Acc,"1641384955,38042",-32,-2,55.0
E4_Acc,"1641384955,41167",-33,-3,55.0
E4_Acc,"1641384955,44292",-33,-2,55.0
E4_Acc,"1641384955,47417",-33,-2,55.0
E4_Acc,"1641384955,50543",-33,-2,54.0
E4_Acc,"1641384955,53668",-33,-3,55.0
E4_Acc,"1641384955,56793",-33,-2,54.0
E4_Acc,"1641384955,59918",-33,-2,54.0
E4_Acc,"1641384955,63043",-33,-2,54.0
E4_Acc,"1641384955,66168",-34,-2,54.0
E4_Acc,"1641384955,69293",-33,-2,55.0
E4_Acc,"1641384955,72419",-32,-3,55.0
E4_Acc,"1641384955,75544",-33,-3,55.0
E4_Acc,"1641384955,78669",-33,-2,55.0
E4_Acc,"1641384955,81794",-33,-2,55.0
E4_Acc,"1641384955,84919",-33,-2,54.0
E4_Acc,"1641384955,88044",-34,-2,54.0
E4_Acc,"1641384955,91169",-33,-2,54.0
E4_Acc,"1641384955,94295",-33,-2,54.0
E4_Acc,"1641384955,9742",-33,-2,55.0
E4_Acc,"1641384956,00545",-33,-2,55.0
E4_Acc,"1641384956,0367",-34,-2,54.0
E4_Acc,"1641384956,06795",-33,-2,55.0
E4_Acc,"1641384956,0992",-33,-2,55.0
E4_Acc,"1641384956,13045",-33,-2,55.0
E4_Acc,"1641384956,16171",-33,-2,55.0
E4_Acc,"1641384956,19296",-33,-2,55.0
E4_Acc,"1641384956,22421",-33,-2,54.0
E4_Acc,"1641384956,25546",-33,-2,55.0
E4_Acc,"1641384956,28671",-33,-2,55.0
E4_Acc,"1641384956,31796",-33,-2,54.0
E4_Acc,"1641384956,34921",-34,-2,54.0
E4_Acc,"1641384956,38047",-33,-2,55.0
E4_Acc,"1641384956,41172",-33,-3,54.0
E4_Acc,"1641384956,44297",-33,-2,54.0
E4_Acc,"1641384956,47422",-34,-2,54.0
E4_Acc,"1641384956,50547",-34,-2,54.0
E4_Acc,"1641384956,53672",-33,-2,55.0
E4_Acc,"1641384956,56797",-33,-3,54.0
E4_Acc,"1641384956,59923",-33,-3,54.0
E4_Acc,"1641384956,63048",-33,-2,54.0
E4_Acc,"1641384956,66173",-33,-2,55.0
E4_Acc,"1641384956,69298",-33,-2,54.0
E4_Acc,"1641384956,72423",-34,-2,54.0
E4_Acc,"1641384956,75548",-33,-2,54.0
E4_Acc,"1641384956,78673",-33,-2,54.0
E4_Acc,"1641384956,81799",-33,-2,54.0
E4_Acc,"1641384956,84924",-33,-2,54.0
E4_Acc,"1641384956,88049",-33,-2,55.0
E4_Acc,"1641384956,91174",-33,-2,54.0
E4_Acc,"1641384956,94299",-33,-1,55.0
E4_Acc,"1641384956,97424",-33,-2,55.0
E4_Acc,"1641384957,00549",-34,-2,54.0
E4_Acc,"1641384957,03675",-33,-2,54.0
E4_Acc,"1641384957,068",-33,-2,54.0
E4_Acc,"1641384957,09925",-34,-2,54.0
E4_Acc,"1641384957,1305",-33,-1,55.0
E4_Acc,"1641384957,16175",-33,-2,54.0
E4_Acc,"1641384957,193",-33,-2,54.0
E4_Acc,"1641384957,22426",-33,-2,54.0
E4_Acc,"1641384957,25551",-33,-2,55.0
E4_Acc,"1641384957,28676",-33,-2,55.0
E4_Acc,"1641384957,31801",-33,-2,54.0
E4_Acc,"1641384957,34926",-33,-2,55.0
E4_Acc,"1641384957,38051",-33,-2,55.0
E4_Acc,"1641384957,41176",-33,-2,55.0
E4_Acc,"1641384957,44302",-34,-2,54.0
E4_Acc,"1641384957,47427",-33,-2,55.0
E4_Acc,"1641384957,50552",-33,-2,55.0
E4_Acc,"1641384957,53677",-34,-2,54.0
E4_Acc,"1641384957,56802",-33,-2,55.0
E4_Acc,"1641384957,59927",-33,-2,55.0
E4_Acc,"1641384957,63052",-33,-2,54.0
E4_Acc,"1641384957,66178",-33,-2,55.0
E4_Acc,"1641384957,69303",-33,-2,55.0
E4_Acc,"1641384957,72428",-33,-2,54.0
E4_Acc,"1641384957,75553",-33,-1,55.0
E4_Acc,"1641384957,78678",-33,-2,55.0
E4_Acc,"1641384957,81803",-33,-3,54.0
E4_Acc,"1641384957,84928",-32,-2,54.0
E4_Acc,"1641384957,88054",-33,-2,55.0
E4_Acc,"1641384957,91179",-34,-1,54.0
E4_Acc,"1641384957,94304",-34,-2,54.0
E4_Acc,"1641384957,97429",-33,-2,54.0
E4_Acc,"1641384958,00554",-33,-2,55.0
E4_Acc,"1641384958,03679",-33,-2,54.0
E4_Acc,"1641384958,06804",-33,-1,55.0
E4_Acc,"1641384958,0993",-34,-1,54.0
E4_Acc,"1641384958,13055",-33,-2,54.0
E4_Acc,"1641384958,1618",-32,-2,55.0
E4_Acc,"1641384958,19305",-33,-3,54.0
E4_Acc,"1641384958,2243",-34,-2,54.0
E4_Acc,"1641384958,25555",-33,-2,54.0
E4_Acc,"1641384958,2868",-33,-2,54.0
E4_Acc,"1641384958,31806",-33,-2,54.0
E4_Acc,"1641384958,34931",-34,-1,55.0
E4_Acc,"1641384958,38056",-34,-1,55.0
E4_Acc,"1641384958,41181",-34,-1,55.0
E4_Acc,"1641384958,44306",-33,-1,55.0
E4_Acc,"1641384958,47431",-32,-2,54.0
E4_Acc,"1641384958,50556",-31,-2,55.0
E4_Acc,"1641384958,53682",-32,-2,55.0
E4_Acc,"1641384958,56807",-34,-2,54.0
E4_Acc,"1641384958,59932",-34,-2,54.0
E4_Acc,"1641384958,63057",-33,-2,54.0
E4_Acc,"1641384958,66182",-32,-1,56.0
E4_Acc,"1641384958,69307",-33,-2,56.0
E4_Acc,"1641384958,72432",-33,-3,52.0
E4_Acc,"1641384958,75558",-34,-2,54.0
E4_Acc,"1641384958,78683",-35,-1,54.0
E4_Acc,"1641384958,81808",-33,-1,55.0
E4_Acc,"1641384958,84933",-32,-2,55.0
E4_Acc,"1641384958,88058",-32,-2,55.0
E4_Acc,"1641384958,91183",-33,-1,55.0
E4_Acc,"1641384958,94308",-34,-2,55.0
E4_Acc,"1641384958,97434",-33,-2,55.0
E4_Acc,"1641384959,00559",-32,-2,55.0
E4_Acc,"1641384959,03684",-34,-2,54.0
E4_Acc,"1641384959,06809",-34,-2,54.0
E4_Acc,"1641384959,09934",-33,-1,54.0
E4_Acc,"1641384959,13059",-33,-2,54.0
E4_Acc,"1641384959,16184",-33,-2,54.0
E4_Acc,"1641384959,1931",-33,-2,54.0
E4_Acc,"1641384959,22435",-33,-2,54.0
E4_Acc,"1641384959,2556",-33,-2,54.0
E4_Acc,"1641384959,28685",-33,-2,55.0
E4_Acc,"1641384959,3181",-33,-1,54.0
E4_Acc,"1641384959,34935",-34,-1,55.0
E4_Acc,"1641384959,3806",-33,-2,54.0
E4_Acc,"1641384959,41186",-33,-2,54.0
E4_Acc,"1641384959,44311",-33,-2,54.0
E4_Acc,"1641384959,47436",-33,-1,55.0
E4_Acc,"1641384959,50561",-33,-1,55.0
E4_Acc,"1641384959,53686",-33,-2,55.0
E4_Acc,"1641384959,56811",-33,-2,54.0
E4_Acc,"1641384959,59937",-33,-2,55.0
E4_Acc,"1641384959,63062",-33,-1,54.0
E4_Acc,"1641384959,66187",-33,-1,54.0
E4_Acc,"1641384959,69312",-33,-2,55.0
E4_Acc,"1641384959,72437",-33,-2,54.0
E4_Acc,"1641384959,75562",-33,-2,55.0
E4_Acc,"1641384959,78687",-33,-2,55.0
E4_Acc,"1641384959,81813",-33,-1,55.0
E4_Acc,"1641384959,84938",-33,-2,54.0
E4_Acc,"1641384959,88063",-33,-2,55.0
E4_Acc,"1641384959,91188",-34,-2,54.0
E4_Acc,"1641384959,94313",-32,-2,55.0
E4_Acc,"1641384959,97438",-32,-2,55.0
E4_Acc,"1641384960,00563",-33,-1,54.0
E4_Acc,"1641384960,03689",-33,-2,55.0
E4_Acc,"1641384960,06814",-33,-2,55.0
E4_Acc,"1641384960,09939",-33,-2,55.0
E4_Acc,"1641384960,13064",-33,-2,54.0
E4_Acc,"1641384960,16189",-33,-2,54.0
E4_Acc,"1641384960,19314",-33,-2,54.0
E4_Acc,"1641384960,22439",-33,-1,55.0
E4_Acc,"1641384960,25565",-32,-2,55.0
E4_Acc,"1641384960,2869",-32,-2,56.0
E4_Acc,"1641384960,31815",-32,-3,54.0
E4_Acc,"1641384960,3494",-33,-3,53.0
E4_Acc,"1641384960,38065",-33,-2,53.0
E4_Acc,"1641384960,4119",-33,-1,55.0
E4_Acc,"1641384960,44315",-33,-1,55.0
E4_Acc,"1641384960,47441",-33,-3,55.0
E4_Acc,"1641384960,50566",-33,-3,54.0
E4_Acc,"1641384960,53691",-33,-2,55.0
E4_Acc,"1641384960,56816",-33,-1,55.0
E4_Acc,"1641384960,59941",-33,-2,54.0
E4_Acc,"1641384960,63066",-33,-3,54.0
E4_Acc,"1641384960,66191",-33,-3,54.0
E4_Acc,"1641384960,69317",-33,-2,55.0
E4_Acc,"1641384960,72442",-33,-1,55.0
E4_Acc,"1641384960,75567",-33,-2,55.0
E4_Acc,"1641384960,78692",-33,-3,55.0
E4_Acc,"1641384960,81817",-33,-2,55.0
E4_Acc,"1641384960,84942",-33,-2,55.0
E4_Acc,"1641384960,88067",-33,-2,55.0
E4_Acc,"1641384960,91193",-33,-2,55.0
E4_Acc,"1641384960,94318",-33,-2,55.0
E4_Acc,"1641384960,97443",-33,-2,55.0
E4_Acc,"1641384961,00568",-32,-2,55.0
E4_Acc,"1641384961,03693",-32,-2,55.0
E4_Acc,"1641384961,06818",-33,-2,55.0
E4_Acc,"1641384961,09943",-33,-3,54.0
E4_Acc,"1641384961,13069",-33,-2,55.0
E4_Acc,"1641384961,16194",-32,-2,55.0
E4_Acc,"1641384961,19319",-33,-2,55.0
E4_Acc,"1641384961,22444",-32,-3,55.0
E4_Acc,"1641384961,25569",-32,-2,55.0
E4_Acc,"1641384961,28694",-33,-2,55.0
E4_Acc,"1641384961,31819",-32,-2,55.0
E4_Acc,"1641384961,34945",-33,-2,55.0
E4_Acc,"1641384961,3807",-32,-2,55.0
E4_Acc,"1641384961,41195",-32,-2,55.0
E4_Acc,"1641384961,4432",-33,-2,55.0
E4_Acc,"1641384961,47445",-33,-2,54.0
E4_Acc,"1641384961,5057",-32,-2,55.0
E4_Acc,"1641384961,53695",-32,-2,55.0
E4_Acc,"1641384961,56821",-33,-2,55.0
E4_Acc,"1641384961,59946",-33,-2,55.0
E4_Acc,"1641384961,63071",-33,-2,55.0
E4_Acc,"1641384961,66196",-33,-2,55.0
E4_Acc,"1641384961,69321",-32,-2,55.0
E4_Acc,"1641384961,72446",-32,-3,55.0
E4_Acc,"1641384961,75571",-33,-2,54.0
E4_Acc,"1641384961,78697",-33,-2,55.0
E4_Acc,"1641384961,81822",-33,-2,55.0
E4_Acc,"1641384961,84947",-32,-3,55.0
E4_Acc,"1641384961,88072",-33,-3,54.0
E4_Acc,"1641384961,91197",-33,-3,54.0
E4_Acc,"1641384961,94322",-33,-3,54.0
E4_Acc,"1641384961,97447",-33,-2,55.0
E4_Acc,"1641384962,00573",-32,-2,56.0
E4_Acc,"1641384962,03698",-33,-2,55.0
E4_Acc,"1641384962,06823",-33,-2,54.0
E4_Acc,"1641384962,09948",-33,-2,55.0
E4_Acc,"1641384962,13073",-33,-2,55.0
E4_Acc,"1641384962,16198",-33,-2,55.0
E4_Acc,"1641384962,19324",-33,-3,54.0
E4_Acc,"1641384962,22449",-33,-2,55.0
E4_Acc,"1641384962,25574",-33,-2,55.0
E4_Acc,"1641384962,28699",-33,-2,55.0
E4_Acc,"1641384962,31824",-33,-2,55.0
E4_Acc,"1641384962,34949",-33,-2,54.0
E4_Acc,"1641384962,38074",-33,-2,55.0
E4_Acc,"1641384962,412",-33,-2,55.0
E4_Acc,"1641384962,44325",-32,-2,55.0
E4_Acc,"1641384962,4745",-33,-3,55.0
E4_Acc,"1641384962,50575",-33,-2,54.0
E4_Acc,"1641384962,537",-33,-2,55.0
E4_Acc,"1641384962,56825",-33,-2,55.0
E4_Acc,"1641384962,5995",-33,-2,55.0
E4_Acc,"1641384962,63076",-33,-3,54.0
E4_Acc,"1641384962,66201",-33,-2,55.0
E4_Acc,"1641384962,69326",-33,-2,55.0
E4_Acc,"1641384962,72451",-33,-2,55.0
E4_Acc,"1641384962,75576",-33,-2,54.0
E4_Acc,"1641384962,78701",-33,-2,55.0
E4_Acc,"1641384962,81826",-33,-2,55.0
E4_Acc,"1641384962,84952",-33,-2,55.0
E4_Acc,"1641384962,88077",-33,-2,55.0
E4_Acc,"1641384962,91202",-33,-2,54.0
E4_Acc,"1641384962,94327",-33,-2,55.0
E4_Acc,"1641384962,97452",-33,-2,55.0
E4_Acc,"1641384963,00577",-33,-2,54.0
E4_Acc,"1641384963,03702",-33,-2,54.0
E4_Acc,"1641384963,06828",-33,-2,54.0
E4_Acc,"1641384963,09953",-32,-2,55.0
E4_Acc,"1641384963,13078",-33,-2,55.0
E4_Acc,"1641384963,16203",-33,-2,55.0
E4_Acc,"1641384963,19328",-32,-2,55.0
E4_Acc,"1641384963,22453",-33,-2,55.0
E4_Acc,"1641384963,25578",-32,-2,55.0
E4_Acc,"1641384963,28704",-33,-2,55.0
E4_Acc,"1641384963,31829",-33,-2,55.0
E4_Acc,"1641384963,34954",-32,-2,55.0
E4_Acc,"1641384963,38079",-32,-3,55.0
E4_Acc,"1641384963,41204",-33,-2,55.0
E4_Acc,"1641384963,44329",-33,-3,55.0
E4_Acc,"1641384963,47454",-33,-2,55.0
E4_Acc,"1641384963,5058",-33,-2,55.0
E4_Acc,"1641384963,53705",-33,-2,54.0
E4_Acc,"1641384963,5683",-34,-3,53.0
E4_Acc,"1641384963,59955",-34,-3,54.0
E4_Acc,"1641384963,6308",-34,-2,55.0
E4_Acc,"1641384963,66205",-33,-2,54.0
E4_Acc,"1641384963,6933",-33,-3,54.0
E4_Acc,"1641384963,72456",-34,-3,53.0
E4_Acc,"1641384963,75581",-34,-2,55.0
E4_Acc,"1641384963,78706",-33,-3,55.0
E4_Acc,"1641384963,81831",-33,-3,54.0
E4_Acc,"1641384963,84956",-34,-2,54.0
E4_Acc,"1641384963,88081",-34,-2,54.0
E4_Acc,"1641384963,91206",-34,-2,54.0
E4_Acc,"1641384963,94332",-34,-2,54.0
E4_Acc,"1641384963,97457",-33,-3,54.0
E4_Acc,"1641384964,00582",-33,-3,54.0
E4_Acc,"1641384964,03707",-33,-2,54.0
E4_Acc,"1641384964,06832",-33,-2,54.0
E4_Acc,"1641384964,09957",-33,-2,54.0
E4_Acc,"1641384964,13082",-34,-2,54.0
E4_Acc,"1641384964,16208",-33,-2,54.0
E4_Acc,"1641384964,19333",-34,-2,54.0
E4_Acc,"1641384964,22458",-34,-3,54.0
E4_Acc,"1641384964,25583",-33,-3,54.0
E4_Acc,"1641384964,28708",-34,-2,54.0
E4_Acc,"1641384964,31833",-34,-2,54.0
E4_Acc,"1641384964,34959",-34,-2,54.0
E4_Acc,"1641384964,38084",-34,-2,54.0
E4_Acc,"1641384964,41209",-33,-2,54.0
E4_Acc,"1641384964,44334",-33,-2,54.0
E4_Acc,"1641384964,47459",-33,-2,54.0
E4_Acc,"1641384964,50584",-33,-2,54.0
E4_Acc,"1641384964,53709",-33,-2,54.0
E4_Acc,"1641384964,56835",-33,-2,54.0
E4_Acc,"1641384964,5996",-33,-2,54.0
E4_Acc,"1641384964,63085",-34,-2,54.0
E4_Acc,"1641384964,6621",-34,-2,54.0
E4_Acc,"1641384964,69335",-34,-2,54.0
E4_Acc,"1641384964,7246",-34,-2,54.0
E4_Acc,"1641384964,75585",-34,-2,54.0
E4_Acc,"1641384964,78711",-34,-2,54.0
E4_Acc,"1641384964,81836",-34,-2,54.0
E4_Acc,"1641384964,84961",-34,-2,54.0
E4_Acc,"1641384964,88086",-34,-2,54.0
E4_Acc,"1641384964,91211",-34,-2,54.0
E4_Acc,"1641384964,94336",-34,-2,54.0
E4_Acc,"1641384964,97461",-34,-2,54.0
E4_Acc,"1641384965,00587",-34,-2,54.0
E4_Acc,"1641384965,03712",-34,-2,54.0
E4_Acc,"1641384965,06837",-34,-2,54.0
E4_Acc,"1641384965,09962",-34,-2,54.0
E4_Acc,"1641384965,13087",-34,-2,54.0
E4_Acc,"1641384965,16212",-34,-2,54.0
E4_Acc,"1641384965,19337",-33,-2,54.0
E4_Acc,"1641384965,22463",-34,-2,54.0
E4_Acc,"1641384965,25588",-34,-2,54.0
E4_Acc,"1641384965,28713",-33,-2,54.0
E4_Acc,"1641384965,31838",-34,-2,54.0
E4_Acc,"1641384965,34963",-34,-2,54.0
E4_Acc,"1641384965,38088",-35,-2,54.0
E4_Acc,"1641384965,41213",-35,-2,53.0
E4_Acc,"1641384965,44339",-35,-2,54.0
E4_Acc,"1641384965,47464",-34,-2,54.0
E4_Acc,"1641384965,50589",-33,-2,54.0
E4_Acc,"1641384965,53714",-34,-1,54.0
E4_Acc,"1641384965,56839",-35,-1,54.0
E4_Acc,"1641384965,59964",-35,-1,54.0
E4_Acc,"1641384965,63089",-35,-1,54.0
E4_Acc,"1641384965,66215",-34,-2,54.0
E4_Acc,"1641384965,6934",-35,-1,54.0
E4_Acc,"1641384965,72465",-35,-1,54.0
E4_Acc,"1641384965,7559",-34,-1,54.0
E4_Acc,"1641384965,78715",-34,-1,54.0
E4_Acc,"1641384965,8184",-35,-1,54.0
E4_Acc,"1641384965,84965",-35,-1,53.0
E4_Acc,"1641384965,88091",-35,-1,54.0
E4_Acc,"1641384965,91216",-34,-1,54.0
E4_Acc,"1641384965,94341",-34,-1,54.0
E4_Acc,"1641384965,97466",-34,-2,54.0
E4_Acc,"1641384966,00591",-34,-2,54.0
E4_Acc,"1641384966,03716",-35,-1,54.0
E4_Acc,"1641384966,06841",-35,-1,54.0
E4_Acc,"1641384966,09967",-34,-1,54.0
E4_Acc,"1641384966,13092",-34,-2,53.0
E4_Acc,"1641384966,16217",-34,-2,54.0
E4_Acc,"1641384966,19342",-34,-1,54.0
E4_Acc,"1641384966,22467",-34,-2,54.0
E4_Acc,"1641384966,25592",-35,-1,54.0
E4_Acc,"1641384966,28717",-34,-1,54.0
E4_Acc,"1641384966,31843",-33,-2,54.0
E4_Acc,"1641384966,34968",-33,-2,54.0
E4_Acc,"1641384966,38093",-34,-1,55.0
E4_Acc,"1641384966,41218",-35,-1,53.0
E4_Acc,"1641384966,44343",-34,-1,54.0
E4_Acc,"1641384966,47468",-33,-1,54.0
E4_Acc,"1641384966,50593",-33,-2,54.0
E4_Acc,"1641384966,53719",-34,-1,54.0
E4_Acc,"1641384966,56844",-34,-1,54.0
E4_Acc,"1641384966,59969",-34,-1,54.0
E4_Acc,"1641384966,63094",-34,-1,54.0
E4_Acc,"1641384966,66219",-34,-1,54.0
E4_Acc,"1641384966,69344",-34,-1,54.0
E4_Acc,"1641384966,72469",-34,-1,54.0
E4_Acc,"1641384966,75595",-34,-1,54.0
E4_Acc,"1641384966,7872",-34,-1,54.0
E4_Acc,"1641384966,81845",-34,-1,54.0
E4_Acc,"1641384966,8497",-33,-1,54.0
E4_Acc,"1641384966,88095",-34,-1,54.0
E4_Acc,"1641384966,9122",-34,-1,54.0
E4_Acc,"1641384966,94345",-34,-1,55.0
E4_Acc,"1641384966,97471",-34,-1,54.0
E4_Acc,"1641384967,00596",-33,-2,54.0
E4_Acc,"1641384967,03721",-34,-2,54.0
E4_Acc,"1641384967,06846",-34,-1,54.0
E4_Acc,"1641384967,09971",-33,-1,54.0
E4_Acc,"1641384967,13096",-34,-2,54.0
E4_Acc,"1641384967,16222",-34,-2,54.0
E4_Acc,"1641384967,19347",-33,-1,54.0
E4_Acc,"1641384967,22472",-33,-1,55.0
E4_Acc,"1641384967,25597",-34,-1,55.0
E4_Acc,"1641384967,28722",-34,-1,54.0
E4_Acc,"1641384967,31847",-33,-2,55.0
E4_Acc,"1641384967,34972",-32,-2,55.0
E4_Acc,"1641384967,38098",-33,-1,55.0
E4_Acc,"1641384967,41223",-33,-1,55.0
E4_Acc,"1641384967,44348",-33,-1,55.0
E4_Acc,"1641384967,47473",-32,-3,54.0
E4_Acc,"1641384967,50598",-31,-2,54.0
E4_Acc,"1641384967,53723",-31,-1,55.0
E4_Acc,"1641384967,56848",-34,-1,55.0
E4_Acc,"1641384967,59974",-35,-2,55.0
E4_Acc,"1641384967,63099",-33,-3,54.0
E4_Acc,"1641384967,66224",-32,-3,54.0
E4_Acc,"1641384967,69349",-32,-2,54.0
E4_Acc,"1641384967,72474",-33,-2,54.0
E4_Acc,"1641384967,75599",-33,-2,54.0
E4_Acc,"1641384967,78724",-33,-3,54.0
E4_Acc,"1641384967,8185",-33,-2,54.0
E4_Acc,"1641384967,84975",-34,-1,54.0
E4_Acc,"1641384967,881",-34,-2,54.0
E4_Acc,"1641384967,91225",-34,-2,54.0
E4_Acc,"1641384967,9435",-34,-2,54.0
E4_Acc,"1641384967,97475",-34,-2,54.0
E4_Acc,"1641384968,006",-34,-1,54.0
E4_Acc,"1641384968,03726",-35,-2,54.0
E4_Acc,"1641384968,06851",-34,-2,54.0
E4_Acc,"1641384968,09976",-34,-2,54.0
E4_Acc,"1641384968,13101",-33,-2,54.0
E4_Acc,"1641384968,16226",-34,-2,54.0
E4_Acc,"1641384968,19351",-35,-1,54.0
E4_Acc,"1641384968,22476",-34,-2,54.0
E4_Acc,"1641384968,25602",-34,-2,54.0
E4_Acc,"1641384968,28727",-34,-2,54.0
E4_Acc,"1641384968,31852",-34,-2,53.0
E4_Acc,"1641384968,34977",-34,-2,54.0
E4_Acc,"1641384968,38102",-33,-2,54.0
E4_Acc,"1641384968,41227",-35,-1,54.0
E4_Acc,"1641384968,44352",-35,-1,54.0
E4_Acc,"1641384968,47478",-33,-1,55.0
E4_Acc,"1641384968,50603",-33,-2,55.0
E4_Acc,"1641384968,53728",-34,-2,54.0
E4_Acc,"1641384968,56853",-34,-2,54.0
E4_Acc,"1641384968,59978",-35,-1,54.0
E4_Acc,"1641384968,63103",-35,-1,54.0
E4_Acc,"1641384968,66228",-35,-1,54.0
E4_Acc,"1641384968,69354",-34,-2,54.0
E4_Acc,"1641384968,72479",-35,-2,53.0
E4_Acc,"1641384968,75604",-35,-1,53.0
E4_Acc,"1641384968,78729",-34,-1,54.0
E4_Acc,"1641384968,81854",-36,-2,54.0
E4_Acc,"1641384968,84979",-36,-3,52.0
E4_Acc,"1641384968,88104",-34,-2,54.0
E4_Acc,"1641384968,9123",-34,-2,53.0
E4_Acc,"1641384968,94355",-38,-1,53.0
E4_Acc,"1641384968,9748",-36,-1,54.0
E4_Acc,"1641384969,00605",-33,-2,55.0
E4_Acc,"1641384969,0373",-33,-2,54.0
E4_Acc,"1641384969,06855",-35,-2,53.0
E4_Acc,"1641384969,0998",-36,-1,53.0
E4_Acc,"1641384969,13106",-35,-1,54.0
E4_Acc,"1641384969,16231",-34,-1,54.0
E4_Acc,"1641384969,19356",-35,-2,54.0
E4_Acc,"1641384969,22481",-35,-1,54.0
E4_Acc,"1641384969,25606",-35,-1,53.0
E4_Acc,"1641384969,28731",-35,-1,54.0
E4_Acc,"1641384969,31856",-34,-1,54.0
E4_Acc,"1641384969,34982",-35,-1,54.0
E4_Acc,"1641384969,38107",-35,-2,53.0
E4_Acc,"1641384969,41232",-35,-2,54.0
E4_Acc,"1641384969,44357",-34,-1,54.0
E4_Acc,"1641384969,47482",-34,-1,54.0
E4_Acc,"1641384969,50607",-35,-2,54.0
E4_Acc,"1641384969,53733",-34,-2,53.0
E4_Acc,"1641384969,56858",-35,-1,54.0
E4_Acc,"1641384969,59983",-35,-2,53.0
E4_Acc,"1641384969,63108",-35,-2,54.0
E4_Acc,"1641384969,66233",-39,-1,63.0
E4_Acc,"1641384969,69358",-48,-1,39.0
E4_Acc,"1641384969,72483",-31,-4,52.0
E4_Acc,"1641384969,75609",-32,0,54.0
E4_Acc,"1641384969,78734",-31,-1,56.0
E4_Acc,"1641384969,81859",-36,-3,53.0
E4_Acc,"1641384969,84984",-36,-3,53.0
E4_Acc,"1641384969,88109",-35,-2,53.0
E4_Acc,"1641384969,91234",-35,-1,54.0
E4_Acc,"1641384969,94359",-35,-1,54.0
E4_Acc,"1641384969,97485",-35,-2,54.0
E4_Acc,"1641384970,0061",-34,-3,54.0
E4_Acc,"1641384970,03735",-34,-2,53.0
E4_Acc,"1641384970,0686",-36,-1,53.0
E4_Acc,"1641384970,09985",-36,-1,53.0
E4_Acc,"1641384970,1311",-35,-1,53.0
E4_Acc,"1641384970,16235",-35,-2,53.0
E4_Acc,"1641384970,19361",-35,-2,54.0
E4_Acc,"1641384970,22486",-35,-2,53.0
E4_Acc,"1641384970,25611",-35,-2,53.0
E4_Acc,"1641384970,28736",-35,-2,53.0
E4_Acc,"1641384970,31861",-35,-2,53.0
E4_Acc,"1641384970,34986",-35,-2,53.0
E4_Acc,"1641384970,38111",-36,-1,53.0
E4_Acc,"1641384970,41237",-35,-1,53.0
E4_Acc,"1641384970,44362",-35,-2,53.0
E4_Acc,"1641384970,47487",-35,-2,53.0
E4_Acc,"1641384970,50612",-35,-2,53.0
E4_Acc,"1641384970,53737",-35,-2,53.0
E4_Acc,"1641384970,56862",-35,-1,53.0
E4_Acc,"1641384970,59987",-36,-2,53.0
E4_Acc,"1641384970,63113",-35,-1,54.0
E4_Acc,"1641384970,66238",-35,-2,53.0
E4_Acc,"1641384970,69363",-35,-2,54.0
E4_Acc,"1641384970,72488",-36,-2,53.0
E4_Acc,"1641384970,75613",-35,-2,54.0
E4_Acc,"1641384970,78738",-35,-1,54.0
E4_Acc,"1641384970,81863",-35,-2,54.0
E4_Acc,"1641384970,84989",-36,-2,54.0
E4_Acc,"1641384970,88114",-35,-2,53.0
E4_Acc,"1641384970,88114",-35,-2,53.0
E4_Acc,"1641384970,91239",-35,-2,53.0
E4_Acc,"1641384970,94364",-34,-2,54.0
E4_Acc,"1641384970,97489",-35,-2,53.0
E4_Acc,"1641384970,97489",-35,-2,53.0
E4_Acc,"1641384971,00614",-35,-2,53.0
E4_Acc,"1641384971,03739",-35,-1,53.0
E4_Acc,"1641384971,03739",-35,-1,53.0
E4_Acc,"1641384971,06865",-35,-1,53.0
E4_Acc,"1641384971,06865",-35,-1,53.0
E4_Acc,"1641384971,0999",-35,-1,53.0
E4_Acc,"1641384971,0999",-35,-1,53.0
E4_Acc,"1641384971,13115",-35,-1,53.0
E4_Acc,"1641384971,13115",-35,-1,53.0
E4_Acc,"1641384971,1624",-35,-2,54.0
E4_Acc,"1641384971,1624",-35,-2,54.0
E4_Acc,"1641384971,19365",-35,-2,53.0
E4_Acc,"1641384971,19365",-35,-2,53.0
E4_Acc,"1641384971,2249",-35,-1,53.0
E4_Acc,"1641384971,2249",-35,-1,53.0
E4_Acc,"1641384971,25615",-35,-1,53.0
E4_Acc,"1641384971,25615",-35,-1,53.0
E4_Acc,"1641384971,28741",-35,-1,54.0
E4_Acc,"1641384971,28741",-35,-1,54.0
E4_Acc,"1641384971,31866",-35,-2,53.0
E4_Acc,"1641384971,31866",-35,-2,53.0
E4_Acc,"1641384971,34991",-34,-1,54.0
E4_Acc,"1641384971,34991",-34,-1,54.0
E4_Acc,"1641384971,38116",-35,-1,54.0
E4_Acc,"1641384971,38116",-35,-1,54.0
E4_Acc,"1641384971,41241",-35,-2,54.0
E4_Acc,"1641384971,41241",-35,-2,54.0
E4_Acc,"1641384971,44366",-35,-2,53.0
E4_Acc,"1641384971,44366",-35,-2,53.0
E4_Acc,"1641384971,47491",-35,-1,53.0
E4_Acc,"1641384971,47491",-35,-1,53.0
E4_Acc,"1641384971,50617",-35,-1,53.0
E4_Acc,"1641384971,50617",-35,-1,53.0
E4_Acc,"1641384971,53742",-35,-1,53.0
E4_Acc,"1641384971,53742",-35,-1,53.0
E4_Acc,"1641384971,56867",-35,-2,53.0
E4_Acc,"1641384971,56867",-35,-2,53.0
E4_Acc,"1641384971,59992",-35,-2,54.0
E4_Acc,"1641384971,59992",-35,-2,54.0
E4_Acc,"1641384971,63117",-35,-1,54.0
E4_Acc,"1641384971,63117",-35,-1,54.0
E4_Acc,"1641384971,66242",-35,-1,53.0
E4_Acc,"1641384971,66242",-35,-1,53.0
E4_Acc,"1641384971,69368",-35,-1,54.0
E4_Acc,"1641384971,69368",-35,-1,54.0
E4_Acc,"1641384971,72493",-35,-1,53.0
E4_Acc,"1641384971,72493",-35,-1,53.0
E4_Acc,"1641384971,75618",-35,-2,53.0
E4_Acc,"1641384971,75618",-35,-2,53.0
E4_Acc,"1641384971,78743",-35,-2,54.0
E4_Acc,"1641384971,78743",-35,-2,54.0
E4_Acc,"1641384971,81868",-34,-1,54.0
E4_Acc,"1641384971,81868",-34,-1,54.0
E4_Acc,"1641384971,84993",-35,-1,54.0
E4_Acc,"1641384971,84993",-35,-1,54.0
E4_Acc,"1641384971,88118",-35,-1,53.0
E4_Acc,"1641384971,88118",-35,-1,53.0
E4_Acc,"1641384971,91244",-35,-2,53.0
E4_Acc,"1641384971,91244",-35,-2,53.0
E4_Acc,"1641384971,94369",-35,-2,54.0
E4_Acc,"1641384971,94369",-35,-2,54.0
E4_Acc,"1641384971,97494",-35,-2,53.0
E4_Acc,"1641384971,97494",-35,-2,53.0
E4_Acc,1641384972,,,
